config_id,overall_MAPE,overall_NMSE,runtime_sec,s0_MAPE,s0_NMSE,s1_MAPE,s1_NMSE,s2_MAPE,s2_NMSE,s3_MAPE,s3_NMSE
0,0,0,0.013740283000000001,0,0,0,0,0,0,0,0
1,3.6503972608839421e-09,1.5044552082802498e-18,0.013546346000000001,1.4601589043535768e-08,6.0329888984673162e-18,0,0,0,0,0,0
2,1.0259412243592736e-08,1.0420101160204077e-17,0.013404269999999999,4.1037648974370944e-08,4.1785461125345267e-17,0,0,0,0,0,0
3,1.9102365846622436e-08,5.2305863486604834e-17,0.013394812000000001,7.6409463386489743e-08,2.0975080680544348e-16,0,0,0,0,0,0
4,4.5831442903325715e-08,2.3522551984614545e-16,0.013336028,1.8332577161330286e-07,9.432736462059206e-16,0,0,0,0,0,0
5,9.8248451357923713e-08,9.9565902495468297e-16,0.013508353000000001,3.9299380543169485e-07,3.9926744320136971e-15,0,0,0,0,0,0
6,1.6307955259516785e-07,4.0781475390613122e-15,0.013472523,6.523182103806714e-07,1.6353706440747407e-14,0,0,0,0,0,0
7,4.4799325899760755e-07,1.6595061153919336e-14,0.013521338000000001,1.7919730359904302e-06,6.6547557654060526e-14,0,0,0,0,0,0
8,1.0118745857306403e-06,6.5983051327550901e-14,0.013410241999999999,4.0474983429225611e-06,2.6459745292194851e-13,0,0,0,0,0,0
9,1.8277222974805188e-06,2.6459474414608683e-13,0.013475839999999999,7.3108891899220752e-06,1.0610466468130194e-12,0,0,0,0,0,0
10,3.1294275541244116e-06,1.0717838181019336e-12,0.013468585,1.2517710216497646e-05,4.2979411022527307e-12,0,0,0,0,0,0
11,6.8048576568005838e-06,4.254536610557663e-12,0.013528973,2.7219430627202335e-05,1.7061041098696367e-11,0,0,0,0,0,0
12,1.5696212993889934e-05,1.6935461526039076e-11,0.013503573,6.2784851975559736e-05,6.7912591092563531e-11,0,0,0,0,0,0
13,2.8360747766996319e-05,6.6551712526820332e-11,0.013523561999999999,0.00011344299106798528,2.6687783101715501e-10,0,0,0,0,0,0
14,5.6350581648066389e-05,2.7230848025537269e-10,0.013438716999999999,0.00022540232659226556,1.0919793618961257e-09,0,0,0,0,0,0
15,9.0570513521694821e-05,1.085620679660154e-09,0.013398258999999999,0.00036228205408677928,4.3534280530844524e-09,0,0,0,0,0,0
16,0.00022866387633937752,4.3898795056778757e-09,0.013337369999999999,0.00091465550535751007,1.7603777219554389e-08,0,0,0,0,0,0
17,0.0005097365047366804,1.7548961113956565e-08,0.013438356,0.0020389460189467216,7.0372774807405641e-08,0,0,0,0,0,0
18,0.0010638390317926601,6.920756506143398e-08,0.013499756,0.0042553561271706404,2.7752801772201949e-07,0,0,0,0,0,0
19,0.002317646338954705,2.7551383140443498e-07,0.013481150000000001,0.0092705853558188202,1.1048330831578487e-06,0,0,0,0,0,0
20,0.0047769108102547605,1.0904727438578622e-06,0.013382066999999999,0.019107643241019042,4.3728852288636402e-06,0,0,0,0,0,0
21,0.0096403300055044328,4.4531770620046028e-06,0.013367118000000001,0.038561320022017731,1.7857605617048374e-05,0,0,0,0,0,0
22,0.019575685033256327,1.7594367081321189e-05,0.013374242,0.078302740133025309,7.0554856464291986e-05,0,0,0,0,0,0
23,0.039468788248241841,7.1488217764793886e-05,0.013466171000000001,0.15787515299296737,0.00028667362230027607,0,0,0,0,0,0
24,0.079217169673590951,0.00028391781445802296,0.013425591000000001,0.3168686786943638,0.0011385337451557296,0,0,0,0,0,0
25,0.15870744087265773,0.0011469024091861587,0.013393099,0.63482976349063092,0.0045991728196115213,0,0,0,0,0,0
26,0.31675726208232979,0.0045024982447777013,0.013382366999999999,1.2670290483293192,0.018055387609155347,0,0,0,0,0,0
27,0.63398820891439278,0.018088016739240379,0.013361127,2.5359528356575711,0.07253443212036155,0,0,0,0,0,0
28,1.2684557388889621,0.072572403968685376,0.013412436,5.0738229555558485,0.29102129798776011,0,0,0,0,0,0
29,2.5369889697135024,0.28202289649938406,0.013455961000000001,10.14795587885401,1.1309349685719834,0,0,0,0,0,0
30,5.0767272606365479,1.1965650625443749,0.013448636999999999,20.306909042546192,4.7983241367989828,0,0,0,0,0,0
31,10.155404521273095,5.6321801620691403,0.01341962,40.621618085092379,22.585504842495379,0,0,0,0,0,0
32,20.31275904254619,24.968674831426146,0.013524553999999999,81.251036170184761,100.12643596058051,0,0,0,0,0,0
33,40.627468085092382,105.50272205136937,0.013439477999999999,162.50987234036953,423.07457702351729,0,0,0,0,0,0
34,81.256886170184757,434.01504801617835,0.01342498,325.02754468073903,1740.4359744564799,0,0,0,0,0,0
35,0.25,0.249371453122093,0.013432786,1,1,0,0,0,0,0,0
36,2.843878319800304e-09,1.5218685792801011e-18,0.013412967,0,0,1.1375513279201216e-08,6.8890466804365844e-18,0,0,0,0
37,9.1795597036310288e-09,1.0531186457961748e-17,0.013412897,0,0,3.6718238814524115e-08,4.7671550682516093e-17,0,0,0,0
38,2.1317556380950123e-08,5.2693160876084285e-17,0.01343508,0,0,8.5270225523800494e-08,2.3852627615639069e-16,0,0,0,0
39,4.8070742254629451e-08,2.3204367664172436e-16,0.013457914,0,0,1.922829690185178e-07,1.0503927487885637e-15,0,0,0,0
40,9.8083529925706339e-08,9.6697920291792799e-16,0.013489496,0,0,3.9233411970282536e-07,4.3772274154343397e-15,0,0,0,0
41,2.0350144375574528e-07,3.9635969804746707e-15,0.01339926,0,0,8.1400577502298111e-07,1.7942025344819159e-14,0,0,0,0
42,4.0926863838288689e-07,1.6009941264809818e-14,0.013419369,0,0,1.6370745535315476e-06,7.2472245124145652e-14,0,0,0,0
43,7.615643118680622e-07,6.5321841011782713e-14,0.013389912,0,0,3.0462572474722488e-06,2.9569255723453914e-13,0,0,0,0
44,1.4149116291330557e-06,2.6247951494998683e-13,0.013365525,0,0,5.6596465165322227e-06,1.1881667417065484e-12,0,0,0,0
45,3.3230466746781302e-06,1.0557964586767746e-12,0.013328302,0,0,1.3292186698712521e-05,4.7792767311777559e-12,0,0,0,0
46,6.4096234705361009e-06,4.1780181638402876e-12,0.013353181,0,0,2.5638493882144404e-05,1.8912646304862198e-11,0,0,0,0
47,1.2795464647377005e-05,1.6629908128154527e-11,0.013377317999999999,0,0,5.118185858950802e-05,7.5278650828326678e-11,0,0,0,0
48,2.7516963621175816e-05,6.7729124959621063e-11,0.013322700999999999,0,0,0.00011006785448470327,3.065896160972491e-10,0,0,0,0
49,5.0620609612805101e-05,2.7561275507771653e-10,0.013302282,0,0,0.0002024824384512204,1.2476170158873263e-09,0,0,0,0
50,0.00010590209549135076,1.0954618323097922e-09,0.013386445,0,0,0.00042360838196540306,4.958830087016193e-09,0,0,0,0
51,0.00023490087518425015,4.3645656932782487e-09,0.013345767,0,0,0.00093960350073700059,1.9757091519064694e-08,0,0,0,0
52,0.00041341779909523894,1.7151525032911377e-08,0.013420331000000001,0,0,0.0016536711963809558,7.7639855504669115e-08,0,0,0,0
53,0.0007762537263457628,6.8523788398821344e-08,0.013426894,0,0,0.0031050149053830512,3.1018682127148085e-07,0,0,0,0
54,0.0014969611979066609,2.7190142281788614e-07,0.013456622,0,0,0.0059878447916266436,1.2308169179467562e-06,0,0,0,0
55,0.0028978241751760414,1.0862596282166068e-06,0.013526107000000001,0,0,0.011591296700704166,4.9171744444568016e-06,0,0,0,0
56,0.0054996663846701684,4.3931515286723308e-06,0.013469917,0,0,0.021998665538680674,1.9886491098706625e-05,0,0,0,0
57,0.011227094397115585,1.7738073250377991e-05,0.013475328,0,0,0.044908377588462341,8.0294984932708011e-05,0,0,0,0
58,0.021760670504260567,6.9901233426659357e-05,0.013414980999999999,0,0,0.087042682017042267,0.00031642210546467976,0,0,0,0
59,0.042867166001329671,0.00028320463664620256,0.013416964999999999,0,0,0.17146866400531868,0.0012819832070484491,0,0,0,0
60,0.085455698224115237,0.0011280341999027423,0.013400753,0,0,0.34182279289646095,0.0051062755129190783,0,0,0,0
61,0.17040831466726428,0.0045278011300332235,0.013372769,0,0,0.68163325866905711,0.020496009819249605,0,0,0,0
62,0.34046886333225257,0.018255551073835728,0.013410092,0,0,1.3618754533290103,0.082637453218358151,0,0,0,0
63,0.67899631476239597,0.072603446993628473,0.01335794,0,0,2.7159852590495839,0.32865422304487524,0,0,0,0
64,1.3556399693465178,0.28780822510847553,0.01336797,0,0,5.422559877386071,1.3028222835928376,0,0,0,0
65,2.7131855550142312,1.2377887797455203,0.013366988,0,0,10.852742220056925,5.6031018711360696,0,0,0,0
66,5.427321110028462,5.7292420133661706,0.013392617000000001,0,0,21.709284440113848,25.934575567798571,0,0,0,0
67,10.855592220056923,25.135875882169959,0.013323564,0,0,43.422368880227694,113.78263843770331,0,0,0,0
68,21.71213444011385,105.64405322602796,0.013418588,0,0,86.8485377604554,478.21922608383392,0,0,0,0
69,43.425218880227696,433.44004633874101,0.013647022,0,0,173.70087552091078,1962.0542490013586,0,0,0,0
70,0.25,0.220911346645666,0.013853102000000001,0,0,1,1,0,0,0,0
71,2.5444348412123719e-09,1.5044552082802498e-18,0.013661899999999999,0,0,0,0,1.0177739364849487e-08,6.1819868881659968e-18,0,0
72,3.0838034609831011e-08,1.0578622882409618e-17,0.013532509,0,0,0,0,1.2335213843932404e-07,4.3468830174521832e-17,0,0
73,4.2642600775558744e-08,5.3139303450321851e-17,0.013481019,0,0,0,0,1.7057040310223498e-07,2.1835577115764133e-16,0,0
74,1.7124865997627422e-07,2.3466108644132268e-16,0.013471489999999999,0,0,0,0,6.8499463990509688e-07,9.6425054834388508e-16,0,0
75,2.3267522174273618e-07,9.7381425126590419e-16,0.013528952,0,0,0,0,9.3070088697094474e-07,4.0015195531920299e-15,0,0
76,7.5066423122441727e-07,3.9765615354145943e-15,0.013615380999999999,0,0,0,0,3.0026569248976691e-06,1.6340168279266537e-14,0,0
77,8.9898195720476955e-07,1.6239609817693269e-14,0.013597786000000001,0,0,0,0,3.5959278288190782e-06,6.6730504443978359e-14,0,0
78,1.4199593093182337e-06,6.4803056458805533e-14,0.01358465,0,0,0,0,5.6798372372729349e-06,2.6628353116564885e-13,0,0
79,2.3465672679067103e-06,2.6066903776021625e-13,0.01365129,0,0,0,0,9.3862690716268412e-06,1.0711203395856254e-12,0,0
80,3.7309999479181357e-06,1.0405996002442915e-12,0.013640128,0,0,0,0,1.4923999791672543e-05,4.275948562067562e-12,0,0
81,7.9240831127205047e-06,4.1698443749293819e-12,0.013641621,0,0,0,0,3.1696332450882019e-05,1.7134390648275296e-11,0,0
82,3.8869670316719147e-05,1.6665334922309201e-11,0.013708942,0,0,0,0,0.00015547868126687659,6.8479859958329124e-11,0,0
83,4.748405117415686e-05,6.7019511188262211e-11,0.013749201000000001,0,0,0,0,0.00018993620469662744,2.7539120948023132e-10,0,0
84,7.109517773207283e-05,2.662425738297348e-10,0.013695356000000001,0,0,0,0,0.00028438071092829132,1.0940226677592041e-09,0,0
85,0.00012648768427360582,1.0645682536676575e-09,0.015350421,0,0,0,0,0.00050595073709442328,4.3744386336726988e-09,0,0
86,0.00021570839686601588,4.3801521389891216e-09,0.016813172000000001,0,0,0,0,0.00086283358746406353,1.7998570474129329e-08,0,0
87,0.00034192249468512417,1.7347544516132698e-08,0.015764034,0,0,0,0,0.0013676899787404967,7.1283141000387424e-08,0,0
88,0.0006355371529172452,6.9766503083698134e-08,0.014618318999999999,0,0,0,0,0.0025421486116689808,2.8667892863997632e-07,0,0
89,0.0012111226647687229,2.7618483978005261e-07,0.014245074,0,0,0,0,0.0048444906590748918,1.1348766309780777e-06,0,0
90,0.0023111015664008657,1.1068110641305573e-06,0.014033843000000001,0,0,0,0,0.009244406265603463,4.548019408270464e-06,0,0
91,0.0044950382212321418,4.4414042231893738e-06,0.013721756999999999,0,0,0,0,0.017980152884928567,1.825026263439753e-05,0,0
92,0.0088085381365603198,1.7708273554636734e-05,0.013695706,0,0,0,0,0.035234152546241279,7.2765419883759325e-05,0,0
93,0.017749663906311313,6.9876268733107266e-05,0.013767355,0,0,0,0,0.070998655625245252,0.00028712996885817864,0,0
94,0.035570254051103221,0.00028004326349350328,0.01301328,0,0,0,0,0.14228101620441289,0.0011507313567779948,0,0
95,0.071135233256333308,0.0011405285411920263,0.013296471000000001,0,0,0,0,0.28454093302533323,0.0046865685654330158,0,0
96,0.14096590878929025,0.0044661051940811797,0.013705566000000001,0,0,0,0,0.56386363515716098,0.018351761886311227,0,0
97,0.28223371673052161,0.017952816825031873,0.01364637,0,0,0,0,1.1289348669220864,0.0737702775111925,0,0
98,0.56278378142748064,0.071297504744055842,0.013796703,0,0,0,0,2.2511351257099226,0.29296999808358631,0,0
99,1.1262618332669858,0.28038765077418193,0.013781593,0,0,0,0,4.5050473330679432,1.1521464854185082,0,0
100,2.2527874115513629,1.1898340507636285,0.013855327000000001,0,0,0,0,9.0111496462054514,4.8891708177356366,0,0
101,4.5058748231027259,5.6018830910424171,0.013915343,0,0,0,0,18.023499292410904,23.018809484829816,0,0
102,9.0120496462054529,24.822709478478295,0.013872280000000001,0,0,0,0,36.048198584821812,101.99949036709461,0,0
103,18.024399292410905,104.8512754808627,0.013932877,0,0,0,0,72.09759716964362,430.84646632392759,0,0
104,36.049098584821806,431.25606039568021,0.013901195999999999,0,0,0,0,144.19639433928722,1772.0828750067994,0,0
105,0.25,0.24336111277754177,0.013910433,0,0,0,0,1,1,0,0
106,2.0130312755779507e-09,1.4957485227803241e-18,0.013825408000000001,0,0,0,0,0,0,8.0521251023118028e-09,5.2233865048072528e-18
107,6.277387160239222e-09,1.0601140172495634e-17,0.013812994,0,0,0,0,0,0,2.5109548640956888e-08,3.7020830486700943e-17
108,1.4086887508393931e-08,5.3140204141925295e-17,0.013778678000000001,0,0,0,0,0,0,5.6347550033575723e-08,1.8557385880728104e-16
109,2.9384202134877687e-08,2.330335367139056e-16,0.013795150000000001,0,0,0,0,0,0,1.1753680853951075e-07,8.1378935850548041e-16
110,5.664637694375833e-08,9.6976564250843862e-16,0.013772315,0,0,0,0,0,0,2.2658550777503332e-07,3.3865724704100287e-15
111,1.197972574602568e-07,3.9550851445916227e-15,0.01371809,0,0,0,0,0,0,4.7918902984102718e-07,1.3811772537286094e-14
112,2.3389151749514466e-07,1.5754519837370259e-14,0.013756905,0,0,0,0,0,0,9.3556606998057864e-07,5.5017233883187946e-14
113,5.4051015323507455e-07,6.4903401609653246e-14,0.013726115000000001,0,0,0,0,0,0,2.1620406129402982e-06,2.266527741266158e-13
114,1.0620203799106842e-06,2.5835247426792433e-13,0.014379575,0,0,0,0,0,0,4.2480815196427367e-06,9.0220702679766719e-13
115,2.1246002940885657e-06,1.0471202865067599e-12,0.013686317999999999,0,0,0,0,0,0,8.4984011763542629e-06,3.6567069197450944e-12
116,4.1644859503064165e-06,4.161132218928887e-12,0.013752176,0,0,0,0,0,0,1.6657943801225666e-05,1.4531320971435777e-11
117,7.8223594839094613e-06,1.6691527827646556e-11,0.013750903,0,0,0,0,0,0,3.1289437935637845e-05,5.8289411536559831e-11
118,1.6623215006781971e-05,6.6919556926461856e-11,0.0137898,0,0,0,0,0,0,6.6492860027127882e-05,2.3369350210529902e-10
119,3.2979055434636249e-05,2.6592769470251245e-10,0.013794028,0,0,0,0,0,0,0.00013191622173854499,9.2866087487863828e-10
120,6.8818684954641607e-05,1.0727204294588517e-09,0.013095030000000001,0,0,0,0,0,0,0.00027527473981856643,3.7461066010287721e-09
121,0.00013621580624819185,4.2829822273750174e-09,0.012966971000000001,0,0,0,0,0,0,0.0005448632249927674,1.495684015466391e-08
122,0.00025112239937165185,1.7158118599163643e-08,0.012969196000000001,0,0,0,0,0,0,0.0010044895974866074,5.991881908875963e-08
123,0.00055460231498348533,6.9035880054106412e-08,0.012908085999999999,0,0,0,0,0,0,0.0022184092599339413,2.4108403166049585e-07
124,0.0011685917881732045,2.7614848762879577e-07,0.012921131000000001,0,0,0,0,0,0,0.004674367152692818,9.6435347361865966e-07
125,0.0022606238633582783,1.1099281417852811e-06,0.013326008,0,0,0,0,0,0,0.0090424954534331133,3.8760417201217597e-06
126,0.0045572514970988213,4.4112774163151139e-06,0.01369226,0,0,0,0,0,0,0.018229005988395285,1.5404866910722966e-05
127,0.0094103503196971451,1.7663691918853664e-05,0.013858973,0,0,0,0,0,0,0.03764140127878858,6.1684359762903619e-05
128,0.019101502331465171,7.0091077763578648e-05,0.013751896,0,0,0,0,0,0,0.076406009325860683,0.00024476894619767731
129,0.038653716735690569,0.00028339918174839676,0.013184794,0,0,0,0,0,0,0.15461486694276227,0.00098967402532771959
130,0.076666147486613406,0.0011178623809639378,0.013226455,0,0,0,0,0,0,0.30666458994645363,0.0039037493175022816
131,0.15312819741612019,0.004525377501576373,0.013189684,0,0,0,0,0,0,0.61251278966448075,0.015803322156691176
132,0.30493574640309584,0.017971453206512184,0.013259208999999999,0,0,0,0,0,0,1.2197429856123834,0.062759110051588143
133,0.60801660739933661,0.071713698420537056,0.013358491,0,0,0,0,0,0,2.4320664295973464,0.2504353899299589
134,1.2169996819218769,0.28868495053411741,0.0132701,0,0,0,0,0,0,4.8679987276875076,1.0081327521272909
135,2.4334493638437538,1.1544656301506049,0.013402577000000001,0,0,0,0,0,0,9.7337974553750151,4.0315735572871496
136,4.8663487276875079,5.4763824389948024,0.013700776,0,0,0,0,0,0,19.465394910750032,19.124379326704538
137,9.7321474553750154,24.481637855128209,0.013771814,0,0,0,0,0,0,38.928589821500061,85.49368750193041
138,19.46374491075003,103.93783588117434,0.013706107,0,0,0,0,0,0,77.854979643000121,362.96709039794399
139,38.926939821500063,428.6329807083838,0.013297733000000001,0,0,0,0,0,0,155.70775928600025,1496.8530423722182
140,0.25,0.28635608745470742,0.013257494999999999,0,0,0,0,0,0,1,1
