config_id,overall_MAPE,overall_NMSE,runtime_sec,s0_MAPE,s0_NMSE,s1_MAPE,s1_NMSE,s2_MAPE,s2_NMSE
0,0,0,0.53559637199999999,0,0,0,0,0,0
1,0.00084343536456167839,6.7944292661458802e-07,0.53307880699999999,0,0,0.0015607340272276234,8.699227671129213e-08,0,0
2,0.0025401818569314033,5.9950787138868399e-06,0.53152962500000001,0,0,0.0040550529216908859,6.0804941017694669e-07,0,0
3,0.0058373034384339006,3.1438169451102983e-05,0.531590373,0,0,0.0082544373065514005,3.0366291143224199e-06,0,0
4,0.012356666051327089,0.00014060762633380554,0.53391357100000003,0,0,0.015279397859918326,1.3449920543001751e-05,0,0
5,0.025147556882358816,0.00058178795680319056,0.529534065,0,0,0.027626122532480139,5.6284506996976423e-05,0,0
6,0.049493938184816282,0.0022634869005462416,0.52925536299999998,0,0,0.049095544509439357,0.00023102918783032435,0,0
7,0.094538836792557493,0.0083143763096344345,0.53152762200000003,0,0,0.085255560296429084,0.00092764184431067063,0,0
8,0.1732910693974484,0.028325774871908536,0.53451738599999998,0,0,0.14750765219397771,0.0037075412252906923,0,0
9,0.29157084698972402,0.082585779320517805,0.53251561400000003,0,0,0.24961599500449363,0.014617581752285617,0,0
10,0.41464714168061606,0.17429545179283673,0.53455439900000001,0,0,0.4138703415542101,0.057007740794067396,0,0
11,0.41464714168061606,0.17429545179283673,0.53377428199999999,0,0,0.64804884266719576,0.21178823601692426,0,0
12,0.41464714168061606,0.17429545179283673,0.53154651100000005,0,0,0.94160348976555397,0.76149928785572885,0,0
13,0.41464714168061606,0.17429545179283673,0.53290266799999997,0,0,0.999237060546875,1,0,0
14,0.41464714168061606,0.17429545179283673,0.53221070199999998,0,0,0.999237060546875,1,0,0
15,0.41464714168061606,0.17429545179283673,0.53027338599999996,0,0,0.999237060546875,1,0,0
16,0.41464714168061606,0.17429545179283673,0.52945025499999998,0,0,0.999237060546875,1,0,0
17,0.0010514133595897429,1.0539587193936385e-06,0.52848685100000004,0.0014804048558605166,8.5770266084834431e-08,0,0,0,0
18,0.0018948487241514267,3.3101161181256274e-06,0.52926074599999995,0.0014804048558605166,8.5770266084834431e-08,0.0015607340272276234,8.699227671129213e-08,0,0
19,0.0068887167980236415,4.3420488918178127e-05,0.53146846999999997,0.0014804048558605166,8.5770266084834431e-08,0.0082544373065514005,3.0366291143224199e-06,0,0
20,0.17434248275703881,0.028654488956791884,0.52916532199999999,0.0014804048558605166,8.5770266084834431e-08,0.14750765219397771,0.0037075412252906923,0,0
21,0.29262226034931432,0.083144137737692692,0.53189991999999997,0.0014804048558605166,8.5770266084834431e-08,0.24961599500449363,0.014617581752285617,0,0
22,0.41569855504020803,0.17510154315184298,0.526581678,0.0014804048558605166,8.5770266084834431e-08,0.999237060546875,1,0,0
23,0.0031447637147502183,9.1798512677638021e-06,0.50583632499999998,0.0038671423070350116,6.0167911275101481e-07,0,0,0,0
24,0.0039881990793118978,1.4587856845547693e-05,0.49148645899999999,0.0038671423070350116,6.0167911275101481e-07,0.0015607340272276234,8.699227671129213e-08,0,0
25,0.0056849455716816233,2.9435844244930138e-05,0.49236803499999998,0.0038671423070350116,6.0167911275101481e-07,0.0040550529216908859,6.0804941017694669e-07,0,0
26,0.052638701899566494,0.0025510172833617885,0.49019565999999998,0.0038671423070350116,6.0167911275101481e-07,0.049095544509439357,0.00023102918783032435,0,0
27,0.29471561070447377,0.084266503500230489,0.49478468399999997,0.0038671423070350116,6.0167911275101481e-07,0.24961599500449363,0.014617581752285617,0,0
28,0.41779190539536692,0.17671806804039211,0.49778261400000001,0.0038671423070350116,6.0167911275101481e-07,0.4138703415542101,0.057007740794067396,0,0
29,0.41779190539536692,0.17671806804039211,0.50143979699999996,0.0038671423070350116,6.0167911275101481e-07,0.64804884266719576,0.21178823601692426,0,0
30,0.41779190539536692,0.17671806804039211,0.51324718800000002,0.0038671423070350116,6.0167911275101481e-07,0.999237060546875,1,0,0
31,0.0073248777364133179,4.9333806257897932e-05,0.53164425400000004,0.007840958711626966,3.0142486114085097e-06,0,0,0,0
32,0.0081683131009750182,6.1029255951748953e-05,0.53111846299999999,0.007840958711626966,3.0142486114085097e-06,0.0015607340272276234,8.699227671129213e-08,0,0
33,0.013162181174847225,0.0001570482428881103,0.51713442799999998,0.007840958711626966,3.0142486114085097e-06,0.0082544373065514005,3.0366291143224199e-06,0,0
34,0.056818815921229338,0.0029618454835762102,0.50540835500000003,0.007840958711626966,3.0142486114085097e-06,0.049095544509439357,0.00023102918783032435,0,0
35,0.18061594713386228,0.030664758518628207,0.499925112,0.007840958711626966,3.0142486114085097e-06,0.14750765219397771,0.0037075412252906923,0,0
36,0.29889572472613662,0.08653065058841912,0.49957985100000002,0.007840958711626966,3.0142486114085097e-06,0.24961599500449363,0.014617581752285617,0,0
37,0.42197201941703033,0.17997189827254101,0.50607028300000001,0.007840958711626966,3.0142486114085097e-06,0.4138703415542101,0.057007740794067396,0,0
38,0.42197201941703033,0.17997189827254101,0.506202551,0.007840958711626966,3.0142486114085097e-06,0.64804884266719576,0.21178823601692426,0,0
39,0.42197201941703033,0.17997189827254101,0.50742042899999995,0.007840958711626966,3.0142486114085097e-06,0.94160348976555397,0.76149928785572885,0,0
40,0.015537433170682154,0.00022187842608097089,0.52494523900000001,0.014739360027704285,1.3321370955627246e-05,0,0,0,0
41,0.016380868535243818,0.00024595961557303999,0.53046744899999998,0.014739360027704285,1.3321370955627246e-05,0.0015607340272276234,8.699227671129213e-08,0,0
42,0.02137473660911602,0.00041548373892397753,0.53264855099999997,0.014739360027704285,1.3321370955627246e-05,0.0082544373065514005,3.0366291143224199e-06,0,0
43,0.040684990053040819,0.0015032366121353815,0.52754333200000003,0.014739360027704285,1.3321370955627246e-05,0.027626122532480139,5.6284506996976423e-05,0,0
44,0.43018457485130035,0.18647126530170566,0.52344943200000005,0.014739360027704285,1.3321370955627246e-05,0.64804884266719576,0.21178823601692426,0,0
45,0.43018457485130035,0.18647126530170566,0.52193116900000003,0.014739360027704285,1.3321370955627246e-05,0.999237060546875,1,0,0
46,0.43018457485130035,0.18647126530170566,0.50570243999999998,0.014739360027704285,1.3321370955627246e-05,0.999237060546875,1,0,0
47,0.43018457485130035,0.18647126530170566,0.50484392,0.014739360027704285,1.3321370955627246e-05,0.999237060546875,1,0,0
48,0.031540184827953226,0.00091397684348571697,0.51636788099999997,0.026556398519985914,5.5750060854557436e-05,0,0,0,0
49,0.034080366684884525,0.001063173555382514,0.52955791200000002,0.026556398519985914,5.5750060854557436e-05,0.0040550529216908859,6.0804941017694669e-07,0,0
50,0.043896850879280344,0.0017524567143863256,0.527241929,0.026556398519985914,5.5750060854557436e-05,0.015279397859918326,1.3449920543001751e-05,0,0
51,0.44618732650856979,0.19948200695116211,0.517450988,0.026556398519985914,5.5750060854557436e-05,0.4138703415542101,0.057007740794067396,0,0
52,0.44618732650856979,0.19948200695116211,0.51825037299999999,0.026556398519985914,5.5750060854557436e-05,0.64804884266719576,0.21178823601692426,0,0
53,0.44618732650856979,0.19948200695116211,0.52171109299999996,0.026556398519985914,5.5750060854557436e-05,0.999237060546875,1,0,0
54,0.062075328734658201,0.0035524482131048586,0.53070650600000002,0.047879848267822038,0.00022867577927499082,0,0,0,0
55,0.064615510591589834,0.0038407605601139408,0.52911414999999995,0.047879848267822038,0.00022867577927499082,0.0040550529216908859,6.0804941017694669e-07,0,0
56,0.06791263217309218,0.0042327915769118912,0.52895661400000005,0.047879848267822038,0.00022867577927499082,0.0082544373065514005,3.0366291143224199e-06,0,0
57,0.087222885617017298,0.0069343673849092402,0.52491989400000005,0.047879848267822038,0.00022867577927499082,0.027626122532480139,5.6284506996976423e-05,0,0
58,0.35364617572438217,0.1193014715631748,0.49631144999999999,0.047879848267822038,0.00022867577927499082,0.24961599500449363,0.014617581752285617,0,0
59,0.47672247041527677,0.22574243535599589,0.49057727899999998,0.047879848267822038,0.00022867577927499082,0.94160348976555397,0.76149928785572885,0,0
60,0.11832016921853646,0.013068477568453815,0.50784737400000002,0.084249840471611145,0.00091920644618502599,0,0,0,0
61,0.12086035107546778,0.013614821377797797,0.52620192799999999,0.084249840471611145,0.00091920644618502599,0.0040550529216908859,6.0804941017694669e-07,0,0
62,0.29161123861598515,0.078773062111069117,0.50283538800000005,0.084249840471611145,0.00091920644618502599,0.14750765219397771,0.0037075412252906923,0,0
63,0.40989101620826102,0.15929107123571262,0.49738808499999998,0.084249840471611145,0.00091920644618502599,0.24961599500449363,0.014617581752285617,0,0
64,0.53296731089915228,0.27938944706556873,0.49681868800000001,0.084249840471611145,0.00091920644618502599,0.999237060546875,1,0,0
65,0.53296731089915228,0.27938944706556873,0.49611538999999999,0.084249840471611145,0.00091920644618502599,0.999237060546875,1,0,0
66,0.53296731089915228,0.27938944706556873,0.49555981999999998,0.084249840471611145,0.00091920644618502599,0.999237060546875,1,0,0
67,0.21587137260309813,0.044250453970663309,0.52962091899999997,0.14594006909230928,0.0036909972977321871,0,0,0,0
68,0.21671480796765971,0.044579975548686236,0.52876545500000005,0.14594006909230928,0.0036909972977321871,0.0015607340272276234,8.699227671129213e-08,0,0
69,0.38916244200054706,0.14136648906441135,0.47641529100000002,0.14594006909230928,0.0036909972977321871,0.14750765219397771,0.0037075412252906923,0,0
70,0.50744221959282165,0.24395546810069507,0.46251544999999999,0.14594006909230928,0.0036909972977321871,0.24961599500449363,0.014617581752285617,0,0
71,0.63051851428371508,0.3880720596731802,0.45781719399999998,0.14594006909230928,0.0036909972977321871,0.64804884266719576,0.21178823601692426,0,0
72,0.63051851428371508,0.3880720596731802,0.47661030999999998,0.14594006909230928,0.0036909972977321871,0.999237060546875,1,0,0
73,0.36455929673993581,0.12979641038207945,0.52847712499999999,0.24861723122380944,0.014564784100300101,0,0,0,0
74,0.36540273210449853,0.13035827124591964,0.52984920400000002,0.24861723122380944,0.014564784100300101,0.0015607340272276234,8.699227671129213e-08,0,0
75,0.36709947859686737,0.13149425942737555,0.53159217400000003,0.24861723122380944,0.014564784100300101,0.0040550529216908859,6.0804941017694669e-07,0,0
76,0.37039660017836989,0.13371988004889451,0.525967886,0.24861723122380944,0.014564784100300101,0.0082544373065514005,3.0366291143224199e-06,0,0
77,0.3769159627912641,0.13819001438539477,0.51776054599999999,0.24861723122380944,0.014564784100300101,0.015279397859918326,1.3449920543001751e-05,0,0
78,0.41405323492475304,0.16522792476936993,0.50624833899999999,0.24861723122380944,0.014564784100300101,0.049095544509439357,0.00023102918783032435,0,0
79,0.51855779611697672,0.27464734295412319,0.52382919800000005,0.4124543752926455,0.05647227509033452,0,0,0,0
80,0.54370535299933609,0.29954943258838634,0.51172220400000001,0.4124543752926455,0.05647227509033452,0.027626122532480139,5.6284506996976423e-05,0,0
81,0.56805173430179445,0.32492267870002178,0.50691883299999996,0.4124543752926455,0.05647227509033452,0.049095544509439357,0.00023102918783032435,0,0
82,0.93320493779759628,0.87334968199423835,0.429799078,0.4124543752926455,0.05647227509033452,0.4138703415542101,0.057007740794067396,0,0
83,0.93320493779759628,0.87334968199423835,0.429313204,0.4124543752926455,0.05647227509033452,0.94160348976555397,0.76149928785572885,0,0
84,0.51855779611697672,0.27464734295412319,0.52623263300000001,0.64719322788460276,0.2109600458559267,0,0,0,0
85,0.52439509955541108,0.28031575291420224,0.52334211200000003,0.64719322788460276,0.2109600458559267,0.0082544373065514005,3.0366291143224199e-06,0,0
86,0.54370535299933609,0.29954943258838634,0.49847850999999999,0.64719322788460276,0.2109600458559267,0.027626122532480139,5.6284506996976423e-05,0,0
87,0.56805173430179445,0.32492267870002178,0.484979669,0.64719322788460276,0.2109600458559267,0.049095544509439357,0.00023102918783032435,0,0
88,0.69184886551442748,0.47310844857552031,0.45440406900000002,0.64719322788460276,0.2109600458559267,0.14750765219397771,0.0037075412252906923,0,0
89,0.81012864310670329,0.64834316404147163,0.42971778199999999,0.64719322788460276,0.2109600458559267,0.24961599500449363,0.014617581752285617,0,0
90,0.93320493779759628,0.87334968199423835,0.41099675499999999,0.64719322788460276,0.2109600458559267,0.4138703415542101,0.057007740794067396,0,0
91,0.93320493779759628,0.87334968199423835,0.41399629900000001,0.64719322788460276,0.2109600458559267,0.64804884266719576,0.21178823601692426,0,0
92,0.93320493779759628,0.87334968199423835,0.41508078799999998,0.64719322788460276,0.2109600458559267,0.999237060546875,1,0,0
93,0.51855779611697672,0.27464734295412319,0.51856314000000003,0.94068709257870253,0.75831982834281986,0,0,0,0
94,0.52109797797390922,0.27710233109907217,0.52893910899999996,0.94068709257870253,0.75831982834281986,0.0040550529216908859,6.0804941017694669e-07,0,0
95,0.53091446216830451,0.28673712056186523,0.52095893999999998,0.94068709257870253,0.75831982834281986,0.015279397859918326,1.3449920543001751e-05,0,0
96,0.54370535299933609,0.29954943258838634,0.51116216800000003,0.94068709257870253,0.75831982834281986,0.027626122532480139,5.6284506996976423e-05,0,0
97,0.93320493779759628,0.87334968199423835,0.43374691799999998,0.94068709257870253,0.75831982834281986,0.94160348976555397,0.76149928785572885,0,0
98,0.93320493779759628,0.87334968199423835,0.43227134,0.94068709257870253,0.75831982834281986,0.999237060546875,1,0,0
99,0.51855779611697672,0.27464734295412319,0.52952256399999997,0.9994354248046875,1,0,0,0,0
100,0.51940123148153783,0.27546061503571229,0.52774621899999996,0.9994354248046875,1,0.0015607340272276234,8.699227671129213e-08,0,0
101,0.52109797797390922,0.27710233109907217,0.52617731899999998,0.9994354248046875,1,0.0040550529216908859,6.0804941017694669e-07,0,0
102,0.69184886551442748,0.47310844857552031,0.474685423,0.9994354248046875,1,0.14750765219397771,0.0037075412252906923,0,0
103,0.93320493779759628,0.87334968199423835,0.43286127699999999,0.9994354248046875,1,0.4138703415542101,0.057007740794067396,0,0
104,0.93320493779759628,0.87334968199423835,0.43268097700000002,0.9994354248046875,1,0.64804884266719576,0.21178823601692426,0,0
105,0.93320493779759628,0.87334968199423835,0.43088169700000001,0.9994354248046875,1,0.94160348976555397,0.76149928785572885,0,0
106,0.93320493779759628,0.87334968199423835,0.43048924399999999,0.9994354248046875,1,0.999237060546875,1,0,0
107,0.51855779611697672,0.27464734295412319,0.52835060700000003,0.9994354248046875,1,0,0,0,0
108,0.51940123148153783,0.27546061503571229,0.52716164399999998,0.9994354248046875,1,0.0015607340272276234,8.699227671129213e-08,0,0
109,0.52109797797390922,0.27710233109907217,0.50820947900000002,0.9994354248046875,1,0.0040550529216908859,6.0804941017694669e-07,0,0
110,0.52439509955541108,0.28031575291420224,0.48748594699999998,0.9994354248046875,1,0.0082544373065514005,3.0366291143224199e-06,0,0
111,0.53091446216830451,0.28673712056186523,0.48858087700000002,0.9994354248046875,1,0.015279397859918326,1.3449920543001751e-05,0,0
112,0.56805173430179445,0.32492267870002178,0.47303709900000002,0.9994354248046875,1,0.049095544509439357,0.00023102918783032435,0,0
113,0.93320493779759628,0.87334968199423835,0.40211334399999998,0.9994354248046875,1,0.4138703415542101,0.057007740794067396,0,0
114,0.93320493779759628,0.87334968199423835,0.40173659099999998,0.9994354248046875,1,0.94160348976555397,0.76149928785572885,0,0
115,0.93320493779759628,0.87334968199423835,0.39911586399999999,0.9994354248046875,1,0.999237060546875,1,0,0
116,0.93320493779759628,0.87334968199423835,0.39951268600000001,0.9994354248046875,1,0.999237060546875,1,0,0
117,0.51855779611697672,0.27464734295412319,0.48682079499999997,0.9994354248046875,1,0,0,0,0
118,0.56805173430179445,0.32492267870002178,0.47154085000000001,0.9994354248046875,1,0.049095544509439357,0.00023102918783032435,0,0
119,0.61309663290953587,0.37503184590215288,0.465964616,0.9994354248046875,1,0.085255560296429084,0.00092764184431067063,0,0
120,0.93320493779759628,0.87334968199423835,0.41285273900000002,0.9994354248046875,1,0.4138703415542101,0.057007740794067396,0,0
121,0.93320493779759628,0.87334968199423835,0.41243397500000001,0.9994354248046875,1,0.94160348976555397,0.76149928785572885,0,0
122,0.93320493779759628,0.87334968199423835,0.40902212999999998,0.9994354248046875,1,0.999237060546875,1,0,0
123,0.51855779611697672,0.27464734295412319,0.49633275399999999,0.9994354248046875,1,0,0,0,0
124,0.56805173430179445,0.32492267870002178,0.47890342899999999,0.9994354248046875,1,0.049095544509439357,0.00023102918783032435,0,0
125,0.61309663290953587,0.37503184590215288,0.46488089900000001,0.9994354248046875,1,0.085255560296429084,0.00092764184431067063,0,0
126,0.93320493779759628,0.87334968199423835,0.40888624600000001,0.9994354248046875,1,0.4138703415542101,0.057007740794067396,0,0
127,0.93320493779759628,0.87334968199423835,0.40966803699999998,0.9994354248046875,1,0.64804884266719576,0.21178823601692426,0,0
128,5.0443812664571499e-05,4.5055924288606615e-09,0.50032212300000001,0,0,0,0,0.00044636213875484773,1.2123420541968759e-08
129,0.00015138852500723855,3.1757325529872609e-08,0.50011716500000003,0,0,0,0,0.0012207741926081306,8.5202409298701866e-08
130,0.00035171643398997939,1.5729642713840137e-07,0.49238094999999998,0,0,0,0,0.0025842092512702274,4.2273380854628752e-07
131,0.00074974255408688148,6.9011309159915343e-07,0.49035853800000001,0,0,0,0,0.0050978705580568481,1.8776802509906289e-06
132,0.001562276537069752,2.9474457727783233e-06,0.49590162700000001,0,0,0,0,0.0096838115197718719,7.8781740840588525e-06
133,0.0031418406878834259,1.1858746030505242e-05,0.49402035900000002,0,0,0,0,0.017895703660261074,3.2209238392155289e-05
134,0.0062549431823633213,4.7175147903370013e-05,0.48968688199999999,0,0,0,0,0.033024180849732458,0.00013050766142434523
135,0.012579918512704761,0.00019073023030139388,0.48825582899999997,0,0,0,0,0.0597191578797443,0.00052211512387918
136,0.025223420668630599,0.00076301359562271087,0.48669999400000002,0,0,0,0,0.10760173572793312,0.0020827036680258959
137,0.050803604695358939,0.0030696640428214059,0.48679418699999999,0,0,0,0,0.19115920506163295,0.0082403358316727199
138,0.10295899354191261,0.012666266053386159,0.49446407199999998,0,0,0,0,0.32823752000587914,0.032581977526741447
139,0.20300116729568038,0.049994016683475792,0.49641306299999999,0,0,0,0,0.53378320586858197,0.12468810460874576
140,0.32913572698942017,0.13930244399108946,0.49765016899999998,0,0,0,0,0.80867256605781834,0.4481940484040276
141,0.99780330825949248,0.99400007296403303,0.497850599,0,0,0,0,0.99956669847302171,0.99808741168201298
142,1,1,0.49837335599999999,0,0,0,0,0.9998321533203125,1
143,1,1,0.48095412100000001,0,0,0,0,0.9998321533203125,1
