config_id,overall_MAPE,overall_NMSE,runtime_sec,s0_MAPE,s0_NMSE,s1_MAPE,s1_NMSE,s2_MAPE,s2_NMSE,s3_MAPE,s3_NMSE,s4_MAPE,s4_NMSE,s5_MAPE,s5_NMSE
0,0,0,0.42547806799999999,0,0,0,0,0,0,0,0,0,0,0,0
1,0.00085602641375796568,3.8257700671981884e-05,0.48785762799999999,0,0,0.0070538581727384439,2.9911722163954058e-06,0,0,0,0,0,0,0,0
2,0.0023355105609404493,9.6329245392396553e-05,0.47710184300000003,0,0,0.019523749686017854,2.0955279582831375e-05,0,0,0,0,0,0,0,0
3,0.0050376643971713876,0.00023843942067978963,0.44782436799999997,0,0,0.040725592931596735,0.00010507916537179608,0,0,0,0,0,0,0,0
4,0.0097754240382586406,0.00049845267725385199,0.50296120499999997,0,0,0.077119332289920364,0.0004635491768056605,0,0,0,0,0,0,0,0
5,0.017777245130583898,0.0010542778833286211,0.39286144499999998,0,0,0.13771161500754689,0.0019340170004380711,0,0,0,0,0,0,0,0
6,0.030822672657560876,0.002233726152503604,0.37166711000000002,0,0,0.2357173310580522,0.007790242378895188,0,0,0,0,0,0,0,0
7,0.051560527944908723,0.0058318303317053686,0.35351669499999999,0,0,0.3875849834043667,0.030606836034647558,0,0,0,0,0,0,0,0
8,0.082102760120788473,0.018284835868418777,0.35476144599999998,0,0,0.60364683471341063,0.11644236414028751,0,0,0,0,0,0,0,0
9,0.12448333654523297,0.062226334307618376,0.366688403,0,0,0.84787531887089373,0.39984201256859431,0,0,0,0,0,0,0,0
10,0.13355080913257744,0.077059471888876796,0.36610754099999998,0,0,0.94742422846019936,0.74368543408776333,0,0,0,0,0,0,0,0
11,0.13355080913257744,0.077059471888876796,0.37698655599999997,0,0,0.9678497314453125,1,0,0,0,0,0,0,0,0
12,0.13355080913257744,0.077059471888876796,0.367903969,0,0,0.9678497314453125,1,0,0,0,0,0,0,0,0
13,0.13355080913257744,0.077059471888876796,0.35729935200000001,0,0,0.9678497314453125,1,0,0,0,0,0,0,0,0
14,0.13355080913257744,0.077059471888876796,0.38434528499999998,0,0,0.9678497314453125,1,0,0,0,0,0,0,0,0
15,0.13355080913257744,0.077059471888876796,0.40576427700000001,0,0,0.9678497314453125,1,0,0,0,0,0,0,0,0
16,0.13355080913257744,0.077059471888876796,0.361301119,0,0,0.9678497314453125,1,0,0,0,0,0,0,0,0
17,0.00073893893749474066,3.2050572201483318e-07,0.34715508499999997,0.007288309102407518,2.9820392610820737e-06,0,0,0,0,0,0,0,0,0,0
18,0.0015949653512526869,3.8578206393996717e-05,0.35286318300000002,0.007288309102407518,2.9820392610820737e-06,0.0070538581727384439,2.9911722163954058e-06,0,0,0,0,0,0,0,0
19,0.0057766033346661723,0.00023875992640180448,0.397779728,0.007288309102407518,2.9820392610820737e-06,0.040725592931596735,0.00010507916537179608,0,0,0,0,0,0,0,0
20,0.082841699058286797,0.018285156374140792,0.39893699300000002,0.007288309102407518,2.9820392610820737e-06,0.60364683471341063,0.11644236414028751,0,0,0,0,0,0,0,0
21,0.12522227548273207,0.062226654813340394,0.36673555699999999,0.007288309102407518,2.9820392610820737e-06,0.84787531887089373,0.39984201256859431,0,0,0,0,0,0,0,0
22,0.13428974807007479,0.077059792394598814,0.35952142599999998,0.007288309102407518,2.9820392610820737e-06,0.9678497314453125,1,0,0,0,0,0,0,0,0
23,0.0020113363044406024,2.2351069923112863e-06,0.35992173300000002,0.019479130796355142,2.0848977662625432e-05,0,0,0,0,0,0,0,0,0,0
24,0.0028673627181982054,4.049280766429317e-05,0.48575244299999998,0.019479130796355142,2.0848977662625432e-05,0.0070538581727384439,2.9911722163954058e-06,0,0,0,0,0,0,0,0
25,0.0043468468653810096,9.856435238470784e-05,0.34179967500000003,0.019479130796355142,2.0848977662625432e-05,0.019523749686017854,2.0955279582831375e-05,0,0,0,0,0,0,0,0
26,0.03283400896200267,0.0022359612594959151,0.41965654699999999,0.019479130796355142,2.0848977662625432e-05,0.2357173310580522,0.007790242378895188,0,0,0,0,0,0,0,0
27,0.12649467284967844,0.06222856941461069,0.34069453199999999,0.019479130796355142,2.0848977662625432e-05,0.84787531887089373,0.39984201256859431,0,0,0,0,0,0,0,0
28,0.13556214543702094,0.077061706995869117,0.33726753100000001,0.019479130796355142,2.0848977662625432e-05,0.94742422846019936,0.74368543408776333,0,0,0,0,0,0,0,0
29,0.13556214543702094,0.077061706995869117,0.33758250299999998,0.019479130796355142,2.0848977662625432e-05,0.9678497314453125,1,0,0,0,0,0,0,0,0
30,0.13556214543702094,0.077061706995869117,0.34165234300000002,0.019479130796355142,2.0848977662625432e-05,0.9678497314453125,1,0,0,0,0,0,0,0,0
31,0.0042886519923181383,1.1189557148611952e-05,0.34104959299999998,0.040878893896873207,0.00010413736354098843,0,0,0,0,0,0,0,0,0,0
32,0.0051446784060761525,4.9447257820593836e-05,0.34222111799999999,0.040878893896873207,0.00010413736354098843,0.0070538581727384439,2.9911722163954058e-06,0,0,0,0,0,0,0,0
33,0.0093263163894876898,0.00024962897782840159,0.34992562599999999,0.040878893896873207,0.00010413736354098843,0.040725592931596735,0.00010507916537179608,0,0,0,0,0,0,0,0
34,0.035111324649881086,0.002244915709652216,0.351738157,0.040878893896873207,0.00010413736354098843,0.2357173310580522,0.007790242378895188,0,0,0,0,0,0,0,0
35,0.086391412113109162,0.018296025425567387,0.344831041,0.040878893896873207,0.00010413736354098843,0.60364683471341063,0.11644236414028751,0,0,0,0,0,0,0,0
36,0.12877198853755223,0.06223752386476699,0.53181533999999997,0.040878893896873207,0.00010413736354098843,0.84787531887089373,0.39984201256859431,0,0,0,0,0,0,0,0
37,0.13783946112489506,0.07707066144602541,0.304422054,0.040878893896873207,0.00010413736354098843,0.94742422846019936,0.74368543408776333,0,0,0,0,0,0,0,0
38,0.13783946112489506,0.07707066144602541,0.36202128,0.040878893896873207,0.00010413736354098843,0.9678497314453125,1,0,0,0,0,0,0,0,0
39,0.13783946112489506,0.07707066144602541,0.410878996,0.040878893896873207,0.00010413736354098843,0.9678497314453125,1,0,0,0,0,0,0,0,0
40,0.0081673236938664788,4.938820663848678e-05,0.30256879199999998,0.077351058830571667,0.0004597394693769959,0,0,0,0,0,0,0,0,0,0
41,0.0090233501076239179,8.7645907310468664e-05,0.30369248100000001,0.077351058830571667,0.0004597394693769959,0.0070538581727384439,2.9911722163954058e-06,0,0,0,0,0,0,0,0
42,0.013204988091034962,0.00028782762731827642,0.30266798700000003,0.077351058830571667,0.0004597394693769959,0.040725592931596735,0.00010507916537179608,0,0,0,0,0,0,0,0
43,0.025944568824456258,0.0011036660899671081,0.30189816800000002,0.077351058830571667,0.0004597394693769959,0.13771161500754689,0.0019340170004380711,0,0,0,0,0,0,0,0
44,0.14171813282643658,0.077108860095515291,0.30092442800000002,0.077351058830571667,0.0004597394693769959,0.9678497314453125,1,0,0,0,0,0,0,0,0
45,0.14171813282643658,0.077108860095515291,0.30127722400000001,0.077351058830571667,0.0004597394693769959,0.9678497314453125,1,0,0,0,0,0,0,0,0
46,0.14171813282643658,0.077108860095515291,0.30141144800000003,0.077351058830571667,0.0004597394693769959,0.9678497314453125,1,0,0,0,0,0,0,0,0
47,0.14171813282643658,0.077108860095515291,0.30478067399999997,0.077351058830571667,0.0004597394693769959,0.9678497314453125,1,0,0,0,0,0,0,0,0
48,0.014821209754775392,0.00020688793958968673,0.30644907199999999,0.1385058759546858,0.0019144586611889274,0,0,0,0,0,0,0,0,0,0
49,0.017156720315717553,0.00030321718498208325,0.304604612,0.1385058759546858,0.0019144586611889274,0.019523749686017854,2.0955279582831375e-05,0,0,0,0,0,0,0,0
50,0.024596633793041812,0.00070534061684353864,0.30258971699999998,0.1385058759546858,0.0019144586611889274,0.077119332289920364,0.0004635491768056605,0,0,0,0,0,0,0,0
51,0.14837201888733914,0.077266359828466483,0.302765373,0.1385058759546858,0.0019144586611889274,0.94742422846019936,0.74368543408776333,0,0,0,0,0,0,0,0
52,0.14837201888733914,0.077266359828466483,0.30354597500000002,0.1385058759546858,0.0019144586611889274,0.9678497314453125,1,0,0,0,0,0,0,0,0
53,0.14837201888733914,0.077266359828466483,0.32679889299999998,0.1385058759546858,0.0019144586611889274,0.9678497314453125,1,0,0,0,0,0,0,0,0
54,0.025558322490240058,0.00083820013808525264,0.32044294699999998,0.23657982785521811,0.007714455705033158,0,0,0,0,0,0,0,0,0,0
55,0.027893833051182908,0.00093452938347764918,0.34817914900000002,0.23657982785521811,0.007714455705033158,0.019523749686017854,2.0955279582831375e-05,0,0,0,0,0,0,0,0
56,0.030595986887414359,0.0010766395587650424,0.30133449699999998,0.23657982785521811,0.007714455705033158,0.040725592931596735,0.00010507916537179608,0,0,0,0,0,0,0,0
57,0.04333556762083135,0.0018924780214138739,0.30288441900000002,0.23657982785521811,0.007714455705033158,0.13771161500754689,0.0019340170004380711,0,0,0,0,0,0,0,0
58,0.15004165903545758,0.063064534445703632,0.30303305000000003,0.23657982785521811,0.007714455705033158,0.84787531887089373,0.39984201256859431,0,0,0,0,0,0,0,0
59,0.15910913162280035,0.077897672026962059,0.30678762500000001,0.23657982785521811,0.007714455705033158,0.9678497314453125,1,0,0,0,0,0,0,0,0
60,0.04243447057551742,0.0033327559050685997,0.302310421,0.38778826214372875,0.030278225572364561,0,0,0,0,0,0,0,0,0,0
61,0.044769981136457582,0.0034290851504609962,0.30364586799999999,0.38778826214372875,0.030278225572364561,0.019523749686017854,2.0955279582831375e-05,0,0,0,0,0,0,0,0
62,0.12453723069629292,0.021617591773487377,0.30322897500000001,0.38778826214372875,0.030278225572364561,0.60364683471341063,0.11644236414028751,0,0,0,0,0,0,0,0
63,0.16691780712073748,0.06555909021268698,0.30234449899999999,0.38778826214372875,0.030278225572364561,0.84787531887089373,0.39984201256859431,0,0,0,0,0,0,0,0
64,0.17598527970808031,0.080392227793945406,0.30336670599999999,0.38778826214372875,0.030278225572364561,0.9678497314453125,1,0,0,0,0,0,0,0,0
65,0.17598527970808031,0.080392227793945406,0.30316868200000002,0.38778826214372875,0.030278225572364561,0.9678497314453125,1,0,0,0,0,0,0,0,0
66,0.17598527970808031,0.080392227793945406,0.30266800199999999,0.38778826214372875,0.030278225572364561,0.9678497314453125,1,0,0,0,0,0,0,0,0
67,0.067978910666176035,0.013246339455614327,0.40647399200000001,0.60289552913492028,0.1152081199909438,0,0,0,0,0,0,0,0,0,0
68,0.068834937079935266,0.013284597156286309,0.30396796799999998,0.60289552913492028,0.1152081199909438,0.0070538581727384439,2.9911722163954058e-06,0,0,0,0,0,0,0,0
69,0.15008167078695969,0.031531175324033101,0.303748617,0.60289552913492028,0.1152081199909438,0.60364683471341063,0.11644236414028751,0,0,0,0,0,0,0,0
70,0.19246224721140007,0.075472673763232703,0.463915142,0.60289552913492028,0.1152081199909438,0.84787531887089373,0.39984201256859431,0,0,0,0,0,0,0,0
71,0.20152971979874357,0.09030581134449113,0.338585888,0.60289552913492028,0.1152081199909438,0.9678497314453125,1,0,0,0,0,0,0,0,0
72,0.20152971979874357,0.09030581134449113,0.30300005000000002,0.60289552913492028,0.1152081199909438,0.9678497314453125,1,0,0,0,0,0,0,0,0
73,0.1043611515654812,0.053204734711821008,0.49607067300000002,0.84736095711398862,0.39724460849901055,0,0,0,0,0,0,0,0,0,0
74,0.10521717797924511,0.053242992412492994,0.60666856999999996,0.84736095711398862,0.39724460849901055,0.0070538581727384439,2.9911722163954058e-06,0,0,0,0,0,0,0,0
75,0.10669666212642887,0.053301063957213408,0.50863181000000002,0.84736095711398862,0.39724460849901055,0.019523749686017854,2.0955279582831375e-05,0,0,0,0,0,0,0,0
76,0.10939881596265594,0.053443174132500798,0.30268103499999999,0.84736095711398862,0.39724460849901055,0.040725592931596735,0.00010507916537179608,0,0,0,0,0,0,0,0
77,0.11413657560373743,0.053703187389074862,0.35146875500000002,0.84736095711398862,0.39724460849901055,0.077119332289920364,0.0004635491768056605,0,0,0,0,0,0,0,0
78,0.13518382422302797,0.055438460864324614,0.30299488499999999,0.84736095711398862,0.39724460849901055,0.2357173310580522,0.007790242378895188,0,0,0,0,0,0,0,0
79,0.11074659559461805,0.065193153236598148,0.305284583,0.94696944985292364,0.74078226165093686,0,0,0,0,0,0,0,0,0,0
80,0.12852384072518963,0.066247431119926772,0.30276193200000001,0.94696944985292364,0.74078226165093686,0.13771161500754689,0.0019340170004380711,0,0,0,0,0,0,0,0
81,0.1415692682521652,0.06742687938910176,0.39102151600000001,0.94696944985292364,0.74078226165093686,0.2357173310580522,0.007790242378895188,0,0,0,0,0,0,0,0
82,0.24429740472719549,0.14225262512547496,0.30448687000000002,0.94696944985292364,0.74078226165093686,0.94742422846019936,0.74368543408776333,0,0,0,0,0,0,0,0
83,0.24429740472719549,0.14225262512547496,0.479361335,0.94696944985292364,0.74078226165093686,0.9678497314453125,1,0,0,0,0,0,0,0,0
84,0.11074659559461805,0.065193153236598148,0.302589418,0.96782493591308594,1,0,0,0,0,0,0,0,0,0,0
85,0.1157842599917923,0.065431592657277937,0.40463811199999999,0.96782493591308594,1,0.040725592931596735,0.00010507916537179608,0,0,0,0,0,0,0,0
86,0.12852384072518963,0.066247431119926772,0.30374753700000001,0.96782493591308594,1,0.13771161500754689,0.0019340170004380711,0,0,0,0,0,0,0,0
87,0.1415692682521652,0.06742687938910176,0.31515969100000002,0.96782493591308594,1,0.2357173310580522,0.007790242378895188,0,0,0,0,0,0,0,0
88,0.19284935571540751,0.083477989105016928,0.31275562499999998,0.96782493591308594,1,0.60364683471341063,0.11644236414028751,0,0,0,0,0,0,0,0
89,0.23522993213985449,0.12741948754421653,0.43333658400000002,0.96782493591308594,1,0.84787531887089373,0.39984201256859431,0,0,0,0,0,0,0,0
90,0.24429740472719549,0.14225262512547496,0.30591322599999998,0.96782493591308594,1,0.94742422846019936,0.74368543408776333,0,0,0,0,0,0,0,0
91,0.24429740472719549,0.14225262512547496,0.37757275200000001,0.96782493591308594,1,0.9678497314453125,1,0,0,0,0,0,0,0,0
92,0.24429740472719549,0.14225262512547496,0.308715505,0.96782493591308594,1,0.9678497314453125,1,0,0,0,0,0,0,0,0
93,0.11074659559461805,0.065193153236598148,0.31254161200000002,0.96782493591308594,1,0,0,0,0,0,0,0,0,0,0
94,0.11308210615556551,0.065289482481990554,0.30416813199999998,0.96782493591308594,1,0.019523749686017854,2.0955279582831375e-05,0,0,0,0,0,0,0,0
95,0.1205220196328735,0.065691605913852008,0.302578668,0.96782493591308594,1,0.077119332289920364,0.0004635491768056605,0,0,0,0,0,0,0,0
96,0.12852384072518963,0.066247431119926772,0.57425538899999995,0.96782493591308594,1,0.13771161500754689,0.0019340170004380711,0,0,0,0,0,0,0,0
97,0.24429740472719549,0.14225262512547496,0.30144559599999998,0.96782493591308594,1,0.9678497314453125,1,0,0,0,0,0,0,0,0
98,0.24429740472719549,0.14225262512547496,0.302313952,0.96782493591308594,1,0.9678497314453125,1,0,0,0,0,0,0,0,0
99,0.11074659559461805,0.065193153236598148,0.41366651300000001,0.96782493591308594,1,0,0,0,0,0,0,0,0,0,0
100,0.11160262200838228,0.065231410937270126,0.30169239599999997,0.96782493591308594,1,0.0070538581727384439,2.9911722163954058e-06,0,0,0,0,0,0,0,0
101,0.11308210615556551,0.065289482481990554,0.30209014499999998,0.96782493591308594,1,0.019523749686017854,2.0955279582831375e-05,0,0,0,0,0,0,0,0
102,0.19284935571540751,0.083477989105016928,0.33812529800000002,0.96782493591308594,1,0.60364683471341063,0.11644236414028751,0,0,0,0,0,0,0,0
103,0.24429740472719549,0.14225262512547496,0.41148509799999999,0.96782493591308594,1,0.94742422846019936,0.74368543408776333,0,0,0,0,0,0,0,0
104,0.24429740472719549,0.14225262512547496,0.33374537199999998,0.96782493591308594,1,0.9678497314453125,1,0,0,0,0,0,0,0,0
105,0.24429740472719549,0.14225262512547496,0.30792897699999999,0.96782493591308594,1,0.9678497314453125,1,0,0,0,0,0,0,0,0
106,0.24429740472719549,0.14225262512547496,0.30195226600000002,0.96782493591308594,1,0.9678497314453125,1,0,0,0,0,0,0,0,0
107,0.11074659559461805,0.065193153236598148,0.302629906,0.96782493591308594,1,0,0,0,0,0,0,0,0,0,0
108,0.11160262200838228,0.065231410937270126,0.31391279700000002,0.96782493591308594,1,0.0070538581727384439,2.9911722163954058e-06,0,0,0,0,0,0,0,0
109,0.11308210615556551,0.065289482481990554,0.49221292799999999,0.96782493591308594,1,0.019523749686017854,2.0955279582831375e-05,0,0,0,0,0,0,0,0
110,0.1157842599917923,0.065431592657277937,0.30235468199999999,0.96782493591308594,1,0.040725592931596735,0.00010507916537179608,0,0,0,0,0,0,0,0
111,0.1205220196328735,0.065691605913852008,0.33962832199999998,0.96782493591308594,1,0.077119332289920364,0.0004635491768056605,0,0,0,0,0,0,0,0
112,0.1415692682521652,0.06742687938910176,0.30258815100000003,0.96782493591308594,1,0.2357173310580522,0.007790242378895188,0,0,0,0,0,0,0,0
113,0.24429740472719549,0.14225262512547496,0.30857603700000003,0.96782493591308594,1,0.94742422846019936,0.74368543408776333,0,0,0,0,0,0,0,0
114,0.24429740472719549,0.14225262512547496,0.30805794199999997,0.96782493591308594,1,0.9678497314453125,1,0,0,0,0,0,0,0,0
115,0.24429740472719549,0.14225262512547496,0.30154949199999997,0.96782493591308594,1,0.9678497314453125,1,0,0,0,0,0,0,0,0
116,0.24429740472719549,0.14225262512547496,0.34648588600000002,0.96782493591308594,1,0.9678497314453125,1,0,0,0,0,0,0,0,0
117,0.11074659559461805,0.065193153236598148,0.30185741199999999,0.96782493591308594,1,0,0,0,0,0,0,0,0,0,0
118,0.1415692682521652,0.06742687938910176,0.46214828200000002,0.96782493591308594,1,0.2357173310580522,0.007790242378895188,0,0,0,0,0,0,0,0
119,0.16230712353951976,0.071024983568303515,0.303218708,0.96782493591308594,1,0.3875849834043667,0.030606836034647558,0,0,0,0,0,0,0,0
120,0.24429740472719549,0.14225262512547496,0.35798813899999998,0.96782493591308594,1,0.94742422846019936,0.74368543408776333,0,0,0,0,0,0,0,0
121,0.24429740472719549,0.14225262512547496,0.30195899300000001,0.96782493591308594,1,0.9678497314453125,1,0,0,0,0,0,0,0,0
122,0.24429740472719549,0.14225262512547496,0.30191351900000002,0.96782493591308594,1,0.9678497314453125,1,0,0,0,0,0,0,0,0
123,0.11074659559461805,0.065193153236598148,0.30804089200000001,0.96782493591308594,1,0,0,0,0,0,0,0,0,0,0
124,0.1415692682521652,0.06742687938910176,0.301730416,0.96782493591308594,1,0.2357173310580522,0.007790242378895188,0,0,0,0,0,0,0,0
125,0.16230712353951976,0.071024983568303515,0.30400735699999998,0.96782493591308594,1,0.3875849834043667,0.030606836034647558,0,0,0,0,0,0,0,0
126,0.24429740472719549,0.14225262512547496,0.30173819400000002,0.96782493591308594,1,0.94742422846019936,0.74368543408776333,0,0,0,0,0,0,0,0
127,0.24429740472719549,0.14225262512547496,0.31553592200000002,0.96782493591308594,1,0.9678497314453125,1,0,0,0,0,0,0,0,0
128,0.00034336118052734886,1.4211970444972308e-05,0.32865017299999999,0,0,0,0,0,0,0.0025776564298912751,7.178637923836913e-07,0,0,0,0
129,0.0010184405519672126,4.2282364600305065e-05,0.30869392099999998,0,0,0,0,0,0,0.0070568641369427197,5.0167964149023017e-06,0,0,0,0
130,0.0024508220406699514,0.00011775269826788857,0.30441207599999998,0,0,0,0,0,0,0.014981183407215215,2.5095647377126372e-05,0,0,0,0
131,0.004960976184680636,0.00026168408903474424,0.302855714,0,0,0,0,0,0,0.029349513899250026,0.00011093713019455803,0,0,0,0
132,0.009401788990919686,0.00052998098223619482,0.30502051600000002,0,0,0,0,0,0,0.054808110924766583,0.00046335850843711145,0,0,0,0
133,0.01692453988410143,0.001123925335950146,0.30353602800000001,0,0,0,0,0,0,0.099015042046594087,0.0018951229601319186,0,0,0,0
134,0.029015995737223323,0.0024825841569134422,0.304680326,0,0,0,0,0,0,0.17323221681704717,0.0075662290638639019,0,0,0,0
135,0.047636224342865165,0.0063884413431176852,0.30439944699999999,0,0,0,0,0,0,0.29432736935424308,0.029782257606169423,0,0,0,0
136,0.073566577304126468,0.018363036963766746,0.32263783600000001,0,0,0,0,0,0,0.47482662605450138,0.11335792934693111,0,0,0,0
137,0.10556598860013146,0.047578306747985036,0.30486091599999998,0,0,0,0,0,0,0.69915187525486466,0.39479969945203269,0,0,0,0
138,0.12608306788064272,0.071588991105641597,0.30433195000000002,0,0,0,0,0,0,0.85308566139946485,0.97279883917648646,0,0,0,0
139,0.12608306788064272,0.071588991105641597,0.30650774400000003,0,0,0,0,0,0,0.85624313354492188,1,0,0,0,0
140,0.12608306788064272,0.071588991105641597,0.30400378300000003,0,0,0,0,0,0,0.85624313354492188,1,0,0,0,0
141,0.12608306788064272,0.071588991105641597,0.304176214,0,0,0,0,0,0,0.85624313354492188,1,0,0,0,0
142,0.12608306788064272,0.071588991105641597,0.30378629499999998,0,0,0,0,0,0,0.85624313354492188,1,0,0,0,0
143,0.12608306788064272,0.071588991105641597,0.30338715199999999,0,0,0,0,0,0,0.85624313354492188,1,0,0,0,0
144,0.12608306788064272,0.071588991105641597,0.303821175,0,0,0,0,0,0,0.85624313354492188,1,0,0,0,0
145,0.12608306788064272,0.071588991105641597,0.30361812599999999,0,0,0,0,0,0,0.85624313354492188,1,0,0,0,0
146,0.12608306788064272,0.071588991105641597,0.30410004200000001,0,0,0,0,0,0,0.85624313354492188,1,0,0,0,0
147,0.12608306788064272,0.071588991105641597,0.30342180099999999,0,0,0,0,0,0,0.85624313354492188,1,0,0,0,0
148,0.12608306788064272,0.071588991105641597,0.304957908,0,0,0,0,0,0,0.85624313354492188,1,0,0,0,0
149,0.12608306788064272,0.071588991105641597,0.303118781,0,0,0,0,0,0,0.85624313354492188,1,0,0,0,0
150,0.12608306788064272,0.071588991105641597,0.30558527400000002,0,0,0,0,0,0,0.85624313354492188,1,0,0,0,0
151,0.12608306788064272,0.071588991105641597,0.29936821600000002,0,0,0,0,0,0,0.85624313354492188,1,0,0,0,0
152,0.12608306788064272,0.071588991105641597,0.301848475,0,0,0,0,0,0,0.85624313354492188,1,0,0,0,0
153,0.12608306788064272,0.071588991105641597,0.30141113800000002,0,0,0,0,0,0,0.85624313354492188,1,0,0,0,0
154,0.12608306788064272,0.071588991105641597,0.30329558400000001,0,0,0,0,0,0,0.85624313354492188,1,0,0,0,0
155,0.12608306788064272,0.071588991105641597,0.30275232200000002,0,0,0,0,0,0,0.85624313354492188,1,0,0,0,0
156,0.12608306788064272,0.071588991105641597,0.301687441,0,0,0,0,0,0,0.85624313354492188,1,0,0,0,0
157,0.12608306788064272,0.071588991105641597,0.302749078,0,0,0,0,0,0,0.85624313354492188,1,0,0,0,0
158,0.12608306788064272,0.071588991105641597,0.30307478300000001,0,0,0,0,0,0,0.85624313354492188,1,0,0,0,0
159,0.12608306788064272,0.071588991105641597,0.302698623,0,0,0,0,0,0,0.85624313354492188,1,0,0,0,0
160,0,0,0.420567735,0,0,0,0,0.00071998620962972519,1.0668702470797522e-07,0,0,0,0,0,0
161,0.00034336118052734886,1.4211970444972308e-05,0.30263806900000001,0,0,0,0,0.00071998620962972519,1.0668702470797522e-07,0.0025776564298912751,7.178637923836913e-07,0,0,0,0
162,0.047636224342865165,0.0063884413431176852,0.30336865200000002,0,0,0,0,0.00071998620962972519,1.0668702470797522e-07,0.29432736935424308,0.029782257606169423,0,0,0,0
163,0.12608306788064272,0.071588991105641597,0.30314341900000003,0,0,0,0,0.00071998620962972519,1.0668702470797522e-07,0.85624313354492188,1,0,0,0,0
164,0.12608306788064272,0.071588991105641597,0.302553668,0,0,0,0,0.00071998620962972519,1.0668702470797522e-07,0.85624313354492188,1,0,0,0,0
165,0.12608306788064272,0.071588991105641597,0.30333728300000001,0,0,0,0,0.00071998620962972519,1.0668702470797522e-07,0.85624313354492188,1,0,0,0,0
166,0,0,0.30465220599999998,0,0,0,0,0.0019913003314104079,7.4466870783374176e-07,0,0,0,0,0,0
167,0.004960976184680636,0.00026168408903474424,0.30280728699999998,0,0,0,0,0.0019913003314104079,7.4466870783374176e-07,0.029349513899250026,0.00011093713019455803,0,0,0,0
168,0.12608306788064272,0.071588991105641597,0.303598918,0,0,0,0,0.0019913003314104079,7.4466870783374176e-07,0.85624313354492188,1,0,0,0,0
169,0.12608306788064272,0.071588991105641597,0.30320049199999999,0,0,0,0,0.0019913003314104079,7.4466870783374176e-07,0.85624313354492188,1,0,0,0,0
170,0.12608306788064272,0.071588991105641597,0.302457747,0,0,0,0,0.0019913003314104079,7.4466870783374176e-07,0.85624313354492188,1,0,0,0,0
171,0,0,0.30334741700000001,0,0,0,0,0.004391030021690891,3.7296579112788589e-06,0,0,0,0,0,0
172,0.12608306788064272,0.071588991105641597,0.30340900599999998,0,0,0,0,0.004391030021690891,3.7296579112788589e-06,0.85308566139946485,0.97279883917648646,0,0,0,0
173,0.12608306788064272,0.071588991105641597,0.363773491,0,0,0,0,0.004391030021690891,3.7296579112788589e-06,0.85624313354492188,1,0,0,0,0
174,0,0,0.30348662599999998,0,0,0,0,0.0089799454227389077,1.6589615174066303e-05,0,0,0,0,0,0
175,0.12608306788064272,0.071588991105641597,0.30428945699999999,0,0,0,0,0.0089799454227389077,1.6589615174066303e-05,0.85624313354492188,1,0,0,0,0
176,0.12608306788064272,0.071588991105641597,0.30275839900000001,0,0,0,0,0.0089799454227389077,1.6589615174066303e-05,0.85624313354492188,1,0,0,0,0
177,0.12608306788064272,0.071588991105641597,0.30246632099999998,0,0,0,0,0.0089799454227389077,1.6589615174066303e-05,0.85624313354492188,1,0,0,0,0
178,0.12608306788064272,0.071588991105641597,0.302951833,0,0,0,0,0.0089799454227389077,1.6589615174066303e-05,0.85624313354492188,1,0,0,0,0
179,0,0,0.302952744,0,0,0,0,0.017576043218851114,6.9394104898684919e-05,0,0,0,0,0,0
180,0.004960976184680636,0.00026168408903474424,0.304634774,0,0,0,0,0.017576043218851114,6.9394104898684919e-05,0.029349513899250026,0.00011093713019455803,0,0,0,0
181,0.12608306788064272,0.071588991105641597,0.30399804200000002,0,0,0,0,0.017576043218851114,6.9394104898684919e-05,0.85308566139946485,0.97279883917648646,0,0,0,0
182,0.12608306788064272,0.071588991105641597,0.30334841600000001,0,0,0,0,0.017576043218851114,6.9394104898684919e-05,0.85624313354492188,1,0,0,0,0
183,0.12608306788064272,0.071588991105641597,0.30309993099999999,0,0,0,0,0.017576043218851114,6.9394104898684919e-05,0.85624313354492188,1,0,0,0,0
184,0.12608306788064272,0.071588991105641597,0.30102695299999999,0,0,0,0,0.017576043218851114,6.9394104898684919e-05,0.85624313354492188,1,0,0,0,0
185,0,0,0.30369711700000002,0,0,0,0,0.033822280134755418,0.00028442848457030151,0,0,0,0,0,0
186,0.01692453988410143,0.001123925335950146,0.303761051,0,0,0,0,0.033822280134755418,0.00028442848457030151,0.099015042046594087,0.0018951229601319186,0,0,0,0
187,0.073566577304126468,0.018363036963766746,0.30343439500000002,0,0,0,0,0.033822280134755418,0.00028442848457030151,0.47482662605450138,0.11335792934693111,0,0,0,0
188,0.12608306788064272,0.071588991105641597,0.30313468900000001,0,0,0,0,0.033822280134755418,0.00028442848457030151,0.85624313354492188,1,0,0,0,0
189,0.12608306788064272,0.071588991105641597,0.30283260099999998,0,0,0,0,0.033822280134755418,0.00028442848457030151,0.85624313354492188,1,0,0,0,0
190,0.12608306788064272,0.071588991105641597,0.30358694000000003,0,0,0,0,0.033822280134755418,0.00028442848457030151,0.85624313354492188,1,0,0,0,0
191,0.12608306788064272,0.071588991105641597,0.30266973000000003,0,0,0,0,0.033822280134755418,0.00028442848457030151,0.85624313354492188,1,0,0,0,0
192,0,0,0.30415413800000002,0,0,0,0,0.064301081919963615,0.0011434775053933504,0,0,0,0,0,0
193,0.00034336118052734886,1.4211970444972308e-05,0.30391292800000003,0,0,0,0,0.064301081919963615,0.0011434775053933504,0.0025776564298912751,7.178637923836913e-07,0,0,0,0
194,0.12608306788064272,0.071588991105641597,0.30254066400000001,0,0,0,0,0.064301081919963615,0.0011434775053933504,0.85308566139946485,0.97279883917648646,0,0,0,0
195,0.12608306788064272,0.071588991105641597,0.30294020999999999,0,0,0,0,0.064301081919963615,0.0011434775053933504,0.85624313354492188,1,0,0,0,0
196,0.12608306788064272,0.071588991105641597,0.302625959,0,0,0,0,0.064301081919963615,0.0011434775053933504,0.85624313354492188,1,0,0,0,0
197,0.12608306788064272,0.071588991105641597,0.30275392499999998,0,0,0,0,0.064301081919963615,0.0011434775053933504,0.85624313354492188,1,0,0,0,0
198,0,0,0.30387688899999998,0,0,0,0,0.12074096984968002,0.0045738414776371689,0,0,0,0,0,0
199,0.0024508220406699514,0.00011775269826788857,0.30252774199999999,0,0,0,0,0.12074096984968002,0.0045738414776371689,0.014981183407215215,2.5095647377126372e-05,0,0,0,0
200,0.004960976184680636,0.00026168408903474424,0.30310941899999999,0,0,0,0,0.12074096984968002,0.0045738414776371689,0.029349513899250026,0.00011093713019455803,0,0,0,0
201,0.12608306788064272,0.071588991105641597,0.30305322000000001,0,0,0,0,0.12074096984968002,0.0045738414776371689,0.85624313354492188,1,0,0,0,0
202,0.12608306788064272,0.071588991105641597,0.30266278400000002,0,0,0,0,0.12074096984968002,0.0045738414776371689,0.85624313354492188,1,0,0,0,0
203,0.12608306788064272,0.071588991105641597,0.30323521199999998,0,0,0,0,0.12074096984968002,0.0045738414776371689,0.85624313354492188,1,0,0,0,0
204,0.12608306788064272,0.071588991105641597,0.303807088,0,0,0,0,0.12074096984968002,0.0045738414776371689,0.85624313354492188,1,0,0,0,0
205,0.12608306788064272,0.071588991105641597,0.30283500600000002,0,0,0,0,0.12074096984968002,0.0045738414776371689,0.85624313354492188,1,0,0,0,0
206,0.12608306788064272,0.071588991105641597,0.30108984700000002,0,0,0,0,0.12074096984968002,0.0045738414776371689,0.85624313354492188,1,0,0,0,0
207,0.12608306788064272,0.071588991105641597,0.30081956500000001,0,0,0,0,0.12074096984968002,0.0045738414776371689,0.85624313354492188,1,0,0,0,0
208,0.12608306788064272,0.071588991105641597,0.30085780299999998,0,0,0,0,0.12074096984968002,0.0045738414776371689,0.85624313354492188,1,0,0,0,0
209,0.043871330275814482,0.021158511748397234,0.30060988799999999,0,0,0,0,0.2422388505978256,0.018789844584028239,0,0,0,0,0,0
210,0.043869289489979271,0.021150081007177898,0.300440608,0,0,0,0,0.2422388505978256,0.018789844584028239,0.0025776564298912751,7.178637923836913e-07,0,0,0,0
211,0.14471455481622861,0.077986531199070119,0.30030308,0,0,0,0,0.2422388505978256,0.018789844584028239,0.85624313354492188,1,0,0,0,0
212,0.097209311672798268,0.059246901898018844,0.299045387,0,0,0,0,0.41952528180519799,0.073102549984551596,0,0,0,0,0,0
213,0.097161505293753364,0.059102623714866638,0.29947742100000002,0,0,0,0,0.41952528180519799,0.073102549984551596,0.029349513899250026,0.00011093713019455803,0,0,0,0
214,0.098621425326814935,0.058718256380977996,0.29916352499999999,0,0,0,0,0.41952528180519799,0.073102549984551596,0.099015042046594087,0.0018951229601319186,0,0,0,0
215,0.12399084968501385,0.062045285447107086,0.29869776100000001,0,0,0,0,0.41952528180519799,0.073102549984551596,0.47482662605450138,0.11335792934693111,0,0,0,0
216,0.16830553466793419,0.10000559145966088,0.29921461599999999,0,0,0,0,0.41952528180519799,0.073102549984551596,0.85624313354492188,1,0,0,0,0
217,0.16830553466793419,0.10000559145966088,0.30005848499999999,0,0,0,0,0.41952528180519799,0.073102549984551596,0.85624313354492188,1,0,0,0,0
218,0.16830553466793419,0.10000559145966088,0.29997096600000001,0,0,0,0,0.41952528180519799,0.073102549984551596,0.85624313354492188,1,0,0,0,0
219,0.16136398505687055,0.14340076017224243,0.30066375899999997,0,0,0,0,0.64819156147242096,0.27054219173785937,0,0,0,0,0,0
220,0.16148382033951192,0.14255812435227685,0.29883155099999997,0,0,0,0,0.64819156147242096,0.27054219173785937,0.17323221681704717,0.0075662290638639019,0,0,0,0
221,0.16380304842174798,0.14224924900744751,0.40836378299999998,0,0,0,0,0.64819156147242096,0.27054219173785937,0.29432736935424308,0.029782257606169423,0,0,0,0
222,0.19803260260787314,0.16512266903860096,0.41305315500000001,0,0,0,0,0.64819156147242096,0.27054219173785937,0.85624313354492188,1,0,0,0,0
223,0.19803260260787314,0.16512266903860096,0.32064252999999998,0,0,0,0,0.64819156147242096,0.27054219173785937,0.85624313354492188,1,0,0,0,0
224,0.19803260260787314,0.16512266903860096,0.29857686300000003,0,0,0,0,0.64819156147242096,0.27054219173785937,0.85624313354492188,1,0,0,0,0
225,0.19803260260787314,0.16512266903860096,0.510645185,0,0,0,0,0.64819156147242096,0.27054219173785937,0.85624313354492188,1,0,0,0,0
226,0.23415343465287711,0.33905136721493434,0.29631310999999999,0,0,0,0,0.90083874726973145,0.93707140854314008,0,0,0,0,0,0
227,0.23418141586241539,0.33906636507958987,0.36594860200000001,0,0,0,0,0.90083874726973145,0.93707140854314008,0.85624313354492188,1,0,0,0,0
228,0.23418141586241539,0.33906636507958987,0.296553332,0,0,0,0,0.90083874726973145,0.93707140854314008,0.85624313354492188,1,0,0,0,0
229,0.23418141586241539,0.33906636507958987,0.31640518099999998,0,0,0,0,0.90083874726973145,0.93707140854314008,0.85624313354492188,1,0,0,0,0
230,0.23420515175651266,0.33921132747634697,0.31398443300000001,0,0,0,0,0.91466903686523438,1,0,0,0,0,0,0
231,0.23420515175651266,0.33921132747634697,0.35502765800000002,0,0,0,0,0.91466903686523438,1,0.0070568641369427197,5.0167964149023017e-06,0,0,0,0
232,0.23420515175651266,0.33921132747634697,0.295971176,0,0,0,0,0.91466903686523438,1,0.85624313354492188,1,0,0,0,0
233,0.23420515175651266,0.33921132747634697,0.331849332,0,0,0,0,0.91466903686523438,1,0.85624313354492188,1,0,0,0,0
234,0.23420515175651266,0.33921132747634697,0.30530332300000002,0,0,0,0,0.91466903686523438,1,0.85624313354492188,1,0,0,0,0
235,0.23420515175651266,0.33921132747634697,0.29618022900000002,0,0,0,0,0.91466903686523438,1,0.85624313354492188,1,0,0,0,0
236,0.23420515175651266,0.33921132747634697,0.34350149499999999,0,0,0,0,0.91466903686523438,1,0.85624313354492188,1,0,0,0,0
237,0.23420515175651266,0.33921132747634697,0.29686620800000002,0,0,0,0,0.91466903686523438,1,0.85624313354492188,1,0,0,0,0
238,0.23420515175651266,0.33921132747634697,0.39196610999999998,0,0,0,0,0.91466903686523438,1,0,0,0,0,0,0
239,0.23420515175651266,0.33921132747634697,0.29773177000000001,0,0,0,0,0.91466903686523438,1,0.0070568641369427197,5.0167964149023017e-06,0,0,0,0
240,0.23420515175651266,0.33921132747634697,0.36900751700000001,0,0,0,0,0.91466903686523438,1,0.054808110924766583,0.00046335850843711145,0,0,0,0
241,0.23420515175651266,0.33921132747634697,0.36868283099999999,0,0,0,0,0.91466903686523438,1,0.47482662605450138,0.11335792934693111,0,0,0,0
242,0.23420515175651266,0.33921132747634697,0.29582521099999998,0,0,0,0,0.91466903686523438,1,0.85624313354492188,1,0,0,0,0
243,0.23420515175651266,0.33921132747634697,0.29917967099999998,0,0,0,0,0.91466903686523438,1,0.85624313354492188,1,0,0,0,0
244,0.23420515175651266,0.33921132747634697,0.30798180800000002,0,0,0,0,0.91466903686523438,1,0,0,0,0,0,0
245,0.23420515175651266,0.33921132747634697,0.34786054599999999,0,0,0,0,0.91466903686523438,1,0.85624313354492188,1,0,0,0,0
246,0.23420515175651266,0.33921132747634697,0.29552869300000001,0,0,0,0,0.91466903686523438,1,0.85624313354492188,1,0,0,0,0
247,0.23420515175651266,0.33921132747634697,0.32666630299999999,0,0,0,0,0.91466903686523438,1,0.85624313354492188,1,0,0,0,0
248,0.23420515175651266,0.33921132747634697,0.298847276,0,0,0,0,0.91466903686523438,1,0,0,0,0,0,0
249,0.23420515175651266,0.33921132747634697,0.29652667100000002,0,0,0,0,0.91466903686523438,1,0.029349513899250026,0.00011093713019455803,0,0,0,0
250,0.23420515175651266,0.33921132747634697,0.29622018999999999,0,0,0,0,0.91466903686523438,1,0.69915187525486466,0.39479969945203269,0,0,0,0
251,0.23420515175651266,0.33921132747634697,0.29615970800000002,0,0,0,0,0.91466903686523438,1,0.85624313354492188,1,0,0,0,0
252,0.23420515175651266,0.33921132747634697,0.29605332400000001,0,0,0,0,0.91466903686523438,1,0.85624313354492188,1,0,0,0,0
253,0.23420515175651266,0.33921132747634697,0.29574338500000003,0,0,0,0,0.91466903686523438,1,0.85624313354492188,1,0,0,0,0
254,0.23420515175651266,0.33921132747634697,0.29594862399999999,0,0,0,0,0.91466903686523438,1,0.85624313354492188,1,0,0,0,0
255,0,0,0.30201793700000001,0,0,0,0,0,0,0,0,0,0,0.00073691275757772434,1.017642263681214e-07
256,0,0,0.302228787,0,0,0,0,0,0,0,0,0,0,0.0020897457832725727,7.133946667246938e-07
257,0,0,0.3020757,0,0,0,0,0,0,0,0,0,0,0.0046713869740736399,3.5621158608966306e-06
258,0,0,0.44437590300000002,0,0,0,0,0,0,0,0,0,0,0.0094673376615136643,1.5803755559712259e-05
259,0,0,0.30061212900000001,0,0,0,0,0,0,0,0,0,0,0.018436560699085457,6.6669330534709393e-05
260,0,0,0.42047137099999998,0,0,0,0,0,0,0,0,0,0,0.035299224261615122,0.00027203686528506433
261,0,0,0.30215924300000002,0,0,0,0,0,0,0,0,0,0,0.066925301383199784,0.0010976716341893321
262,0,0,0.35187851999999997,0,0,0,0,0,0,0,0,0,0,0.12482140519422169,0.0043929082768954294
263,0.017853308042273225,0.0061128677149420085,0.309449902,0,0,0,0,0,0,0,0,0,0,0.23835386535479269,0.017767155452867944
264,0.040921579490771402,0.027604825047189724,0.36895771900000002,0,0,0,0,0,0,0,0,0,0,0.40418860000964196,0.068864286968090299
265,0.070032141267286532,0.091561157406793742,0.29691814,0,0,0,0,0,0,0,0,0,0,0.62629010757810788,0.25671325675260587
266,0.106037566841157,0.26443638451866708,0.29329836999999997,0,0,0,0,0,0,0,0,0,0,0.87965475457439535,0.90290786557610048
267,0.10619439019097222,0.26544222293455844,0.30499549399999998,0,0,0,0,0,0,0,0,0,0,0.9006195068359375,1
268,0.10619439019097222,0.26544222293455844,0.29256381999999997,0,0,0,0,0,0,0,0,0,0,0.9006195068359375,1
269,0.10619439019097222,0.26544222293455844,0.44069277699999998,0,0,0,0,0,0,0,0,0,0,0.9006195068359375,1
270,0.10619439019097222,0.26544222293455844,0.293052696,0,0,0,0,0,0,0,0,0,0,0.9006195068359375,1
271,0.0007154408482573215,3.043999564602165e-07,0.38606394399999999,0,0,0,0,0,0,0,0,0.0072555615269624344,3.1365272899216516e-06,0,0
272,0.0007154408482573215,3.043999564602165e-07,0.30172491299999998,0,0,0,0,0,0,0,0,0.0072555615269624344,3.1365272899216516e-06,0.0046713869740736399,3.5621158608966306e-06
273,0.0007154408482573215,3.043999564602165e-07,0.30118346299999998,0,0,0,0,0,0,0,0,0.0072555615269624344,3.1365272899216516e-06,0.0094673376615136643,1.5803755559712259e-05
274,0.041637020339027511,0.027605129447146184,0.29844027699999998,0,0,0,0,0,0,0,0,0.0072555615269624344,3.1365272899216516e-06,0.40418860000964196,0.068864286968090299
275,0.10675300768942028,0.26443668891862354,0.291193221,0,0,0,0,0,0,0,0,0.0072555615269624344,3.1365272899216516e-06,0.87965475457439535,0.90290786557610048
276,0.10690983103923551,0.2654425273345149,0.29204608599999998,0,0,0,0,0,0,0,0,0.0072555615269624344,3.1365272899216516e-06,0.9006195068359375,1
277,0.10690983103923551,0.2654425273345149,0.29249736599999998,0,0,0,0,0,0,0,0,0.0072555615269624344,3.1365272899216516e-06,0.9006195068359375,1
278,0.10690983103923551,0.2654425273345149,0.30062520399999998,0,0,0,0,0,0,0,0,0.0072555615269624344,3.1365272899216516e-06,0.9006195068359375,1
279,0.10690983103923551,0.2654425273345149,0.29227784000000001,0,0,0,0,0,0,0,0,0.0072555615269624344,3.1365272899216516e-06,0.9006195068359375,1
280,0.0019341246153998365,2.1186734658523743e-06,0.30231154399999999,0,0,0,0,0,0,0,0,0.019542957487582578,2.1920897010672351e-05,0,0
281,0.0019341246153998365,2.1186734658523743e-06,0.32100850800000003,0,0,0,0,0,0,0,0,0.019542957487582578,2.1920897010672351e-05,0.0046713869740736399,3.5621158608966306e-06
282,0.0019341246153998365,2.1186734658523743e-06,0.31722866599999999,0,0,0,0,0,0,0,0,0.019542957487582578,2.1920897010672351e-05,0.0094673376615136643,1.5803755559712259e-05
283,0.0019341246153998365,2.1186734658523743e-06,0.302463757,0,0,0,0,0,0,0,0,0.019542957487582578,2.1920897010672351e-05,0.035299224261615122,0.00027203686528506433
284,0.0019341246153998365,2.1186734658523743e-06,0.48363883299999999,0,0,0,0,0,0,0,0,0.019542957487582578,2.1920897010672351e-05,0.12482140519422169,0.0043929082768954294
285,0.019787432657673892,0.0061149863884078608,0.310907143,0,0,0,0,0,0,0,0,0.019542957487582578,2.1920897010672351e-05,0.23835386535479269,0.017767155452867944
286,0.042855704106170192,0.027606943720655575,0.30013648900000001,0,0,0,0,0,0,0,0,0.019542957487582578,2.1920897010672351e-05,0.40418860000964196,0.068864286968090299
287,0.10797169145656506,0.26443850319213297,0.37657919499999998,0,0,0,0,0,0,0,0,0.019542957487582578,2.1920897010672351e-05,0.87965475457439535,0.90290786557610048
288,0.10812851480638028,0.26544434160802433,0.29296023900000001,0,0,0,0,0,0,0,0,0.019542957487582578,2.1920897010672351e-05,0.9006195068359375,1
289,0.0041053229627482507,1.0592024359234019e-05,0.43858323199999999,0,0,0,0,0,0,0,0,0.041005308662877701,0.00010943307334319948,0,0
290,0.0041053229627482507,1.0592024359234019e-05,0.41620515800000002,0,0,0,0,0,0,0,0,0.041005308662877701,0.00010943307334319948,0.018436560699085457,6.6669330534709393e-05
291,0.045026902453519917,0.027615417071548957,0.29789753200000002,0,0,0,0,0,0,0,0,0.041005308662877701,0.00010943307334319948,0.40418860000964196,0.068864286968090299
292,0.074137464230037697,0.091571749431152968,0.494799508,0,0,0,0,0,0,0,0,0.041005308662877701,0.00010943307334319948,0.62629010757810788,0.25671325675260587
293,0.11029971315372565,0.2654528149589177,0.29124633900000002,0,0,0,0,0,0,0,0,0.041005308662877701,0.00010943307334319948,0.9006195068359375,1
294,0.11029971315372565,0.2654528149589177,0.292080901,0,0,0,0,0,0,0,0,0.041005308662877701,0.00010943307334319948,0.9006195068359375,1
295,0.0078296133646851875,4.6816823901113004e-05,0.301618885,0,0,0,0,0,0,0,0,0.077646384166351154,0.00048192924222406397,0,0
296,0.0078296133646851875,4.6816823901113004e-05,0.302086839,0,0,0,0,0,0,0,0,0.077646384166351154,0.00048192924222406397,0.035299224261615122,0.00027203686528506433
297,0.025682921406960976,0.0061596845388431215,0.30009054600000001,0,0,0,0,0,0,0,0,0.077646384166351154,0.00048192924222406397,0.23835386535479269,0.017767155452867944
298,0.048751192855459355,0.027651641871090836,0.29831436900000002,0,0,0,0,0,0,0,0,0.077646384166351154,0.00048192924222406397,0.40418860000964196,0.068864286968090299
299,0.1140240035556558,0.26548903975845956,0.291034664,0,0,0,0,0,0,0,0,0.077646384166351154,0.00048192924222406397,0.9006195068359375,1
300,0.014100551700556022,0.00019546401442165523,0.30400223999999998,0,0,0,0,0,0,0,0,0.13810176934126006,0.002002016474771101,0,0
301,0.014100551700556022,0.00019546401442165523,0.30144307799999998,0,0,0,0,0,0,0,0,0.13810176934126006,0.002002016474771101,0.0020897457832725727,7.133946667246938e-07
302,0.014100551700556022,0.00019546401442165523,0.30018731399999998,0,0,0,0,0,0,0,0,0.13810176934126006,0.002002016474771101,0.0046713869740736399,3.5621158608966306e-06
303,0.014100551700556022,0.00019546401442165523,0.30320496899999999,0,0,0,0,0,0,0,0,0.13810176934126006,0.002002016474771101,0.066925301383199784,0.0010976716341893321
304,0.031953859742832762,0.0063083317293636636,0.30037957399999998,0,0,0,0,0,0,0,0,0.13810176934126006,0.002002016474771101,0.23835386535479269,0.017767155452867944
305,0.12029494189151829,0.2656376869489801,0.42664606199999999,0,0,0,0,0,0,0,0,0.13810176934126006,0.002002016474771101,0.9006195068359375,1
306,0.024420190192908208,0.00079126113353594383,0.332470761,0,0,0,0,0,0,0,0,0.23639565188982414,0.008090160902531382,0,0
307,0.024420190192908208,0.00079126113353594383,0.30165233600000002,0,0,0,0,0,0,0,0,0.23639565188982414,0.008090160902531382,0.00073691275757772434,1.017642263681214e-07
308,0.024420190192908208,0.00079126113353594383,0.41774787600000002,0,0,0,0,0,0,0,0,0.23639565188982414,0.008090160902531382,0.0020897457832725727,7.133946667246938e-07
309,0.024420190192908208,0.00079126113353594383,0.30199487800000002,0,0,0,0,0,0,0,0,0.23639565188982414,0.008090160902531382,0.035299224261615122,0.00027203686528506433
310,0.024420190192908208,0.00079126113353594383,0.34546246899999999,0,0,0,0,0,0,0,0,0.23639565188982414,0.008090160902531382,0.12482140519422169,0.0043929082768954294
311,0.065341769683678969,0.028396086180725668,0.29897093000000002,0,0,0,0,0,0,0,0,0.23639565188982414,0.008090160902531382,0.40418860000964196,0.068864286968090299
312,0.1304577570340523,0.26522764565220303,0.33792274900000002,0,0,0,0,0,0,0,0,0.23639565188982414,0.008090160902531382,0.87965475457439535,0.90290786557610048
313,0.13061458038386753,0.26623348406809438,0.39177479799999998,0,0,0,0,0,0,0,0,0.23639565188982414,0.008090160902531382,0.9006195068359375,1
314,0.13061458038386753,0.26623348406809438,0.30622449400000001,0,0,0,0,0,0,0,0,0.23639565188982414,0.008090160902531382,0.9006195068359375,1
315,0.04062752324999272,0.003147018894186547,0.40074141099999999,0,0,0,0,0,0,0,0,0.38484693282348398,0.031613190260714942,0,0
316,0.04062752324999272,0.003147018894186547,0.336845493,0,0,0,0,0,0,0,0,0.38484693282348398,0.031613190260714942,0.00073691275757772434,1.017642263681214e-07
317,0.04062752324999272,0.003147018894186547,0.34280603199999998,0,0,0,0,0,0,0,0,0.38484693282348398,0.031613190260714942,0.0020897457832725727,7.133946667246938e-07
318,0.04062752324999272,0.003147018894186547,0.301762064,0,0,0,0,0,0,0,0,0.38484693282348398,0.031613190260714942,0.0046713869740736399,3.5621158608966306e-06
319,0.04062752324999272,0.003147018894186547,0.42845274999999999,0,0,0,0,0,0,0,0,0.38484693282348398,0.031613190260714942,0.0094673376615136643,1.5803755559712259e-05
320,0.04062752324999272,0.003147018894186547,0.30190661600000002,0,0,0,0,0,0,0,0,0.38484693282348398,0.031613190260714942,0.035299224261615122,0.00027203686528506433
321,0.14682191344095263,0.268589241828745,0.44474294800000003,0,0,0,0,0,0,0,0,0.38484693282348398,0.031613190260714942,0.9006195068359375,1
322,0.14682191344095263,0.268589241828745,0.39168443800000002,0,0,0,0,0,0,0,0,0.38484693282348398,0.031613190260714942,0.9006195068359375,1
323,0.14682191344095263,0.268589241828745,0.29117921699999999,0,0,0,0,0,0,0,0,0.38484693282348398,0.031613190260714942,0.9006195068359375,1
324,0.065046386825301991,0.01252929695830611,0.39993178400000001,0,0,0,0,0,0,0,0,0.59429162092514076,0.11991300902988196,0,0
325,0.065046386825301991,0.01252929695830611,0.30206096399999999,0,0,0,0,0,0,0,0,0.59429162092514076,0.11991300902988196,0.0020897457832725727,7.133946667246938e-07
326,0.065046386825301991,0.01252929695830611,0.30229285700000003,0,0,0,0,0,0,0,0,0.59429162092514076,0.11991300902988196,0.0094673376615136643,1.5803755559712259e-05
327,0.065046386825301991,0.01252929695830611,0.447057647,0,0,0,0,0,0,0,0,0.59429162092514076,0.11991300902988196,0.035299224261615122,0.00027203686528506433
328,0.10596796631607473,0.040134122005495834,0.29861180399999998,0,0,0,0,0,0,0,0,0.59429162092514076,0.11991300902988196,0.40418860000964196,0.068864286968090299
329,0.13507852809258533,0.10409045436509985,0.34787684499999999,0,0,0,0,0,0,0,0,0.59429162092514076,0.11991300902988196,0.62629010757810788,0.25671325675260587
330,0.17124077701626705,0.27797151989286456,0.302341992,0,0,0,0,0,0,0,0,0.59429162092514076,0.11991300902988196,0.9006195068359375,1
331,0.17124077701626705,0.27797151989286456,0.29625974700000002,0,0,0,0,0,0,0,0,0.59429162092514076,0.11991300902988196,0.9006195068359375,1
332,0.17124077701626705,0.27797151989286456,0.291902298,0,0,0,0,0,0,0,0,0.59429162092514076,0.11991300902988196,0.9006195068359375,1
333,0.099222674822003545,0.049782115093063517,0.44826912899999999,0,0,0,0,0,0,0,0,0.82668829352103324,0.40857280791466227,0,0
334,0.099222674822003545,0.049782115093063517,0.30281215700000003,0,0,0,0,0,0,0,0,0.82668829352103324,0.40857280791466227,0.066925301383199784,0.0010976716341893321
335,0.14014425431278613,0.077386940140253241,0.29883685999999998,0,0,0,0,0,0,0,0,0.82668829352103324,0.40857280791466227,0.40418860000964196,0.068864286968090299
336,0.20526024166315876,0.3142184996117306,0.31401750699999997,0,0,0,0,0,0,0,0,0.82668829352103324,0.40857280791466227,0.87965475457439535,0.90290786557610048
337,0.20541706501297397,0.31522433802762195,0.333698414,0,0,0,0,0,0,0,0,0.82668829352103324,0.40857280791466227,0.9006195068359375,1
338,0.10462443033854167,0.060117218068219659,0.301796387,0,0,0,0,0,0,0,0,0.91814387240716022,0.75236480202956013,0,0
339,0.10462443033854167,0.060117218068219659,0.30217553800000002,0,0,0,0,0,0,0,0,0.91814387240716022,0.75236480202956013,0.00073691275757772434,1.017642263681214e-07
340,0.10462443033854167,0.060117218068219659,0.31049356700000003,0,0,0,0,0,0,0,0,0.91814387240716022,0.75236480202956013,0.018436560699085457,6.6669330534709393e-05
341,0.10462443033854167,0.060117218068219659,0.35385433900000002,0,0,0,0,0,0,0,0,0.91814387240716022,0.75236480202956013,0.066925301383199784,0.0010976716341893321
342,0.10462443033854167,0.060117218068219659,0.30129627199999998,0,0,0,0,0,0,0,0,0.91814387240716022,0.75236480202956013,0.12482140519422169,0.0043929082768954294
343,0.21066199717969869,0.32455360258688676,0.37570961000000003,0,0,0,0,0,0,0,0,0.91814387240716022,0.75236480202956013,0.87965475457439535,0.90290786557610048
344,0.2108188205295139,0.32555944100277812,0.42726373499999998,0,0,0,0,0,0,0,0,0.91814387240716022,0.75236480202956013,0.9006195068359375,1
345,0.10462443033854167,0.060117218068219659,0.30344969500000002,0,0,0,0,0,0,0,0,0.936798095703125,1,0,0
346,0.10462443033854167,0.060117218068219659,0.50753042100000001,0,0,0,0,0,0,0,0,0.936798095703125,1,0.0020897457832725727,7.133946667246938e-07
347,0.10462443033854167,0.060117218068219659,0.322590818,0,0,0,0,0,0,0,0,0.936798095703125,1,0.035299224261615122,0.00027203686528506433
348,0.10462443033854167,0.060117218068219659,0.36217052399999999,0,0,0,0,0,0,0,0,0.936798095703125,1,0.066925301383199784,0.0010976716341893321
349,0.14554600982932686,0.087722043115409376,0.29744909800000002,0,0,0,0,0,0,0,0,0.936798095703125,1,0.40418860000964196,0.068864286968090299
350,0.2108188205295139,0.32555944100277812,0.29086254299999997,0,0,0,0,0,0,0,0,0.936798095703125,1,0.9006195068359375,1
351,0.10462443033854167,0.060117218068219659,0.30236801899999999,0,0,0,0,0,0,0,0,0.936798095703125,1,0,0
352,0.10462443033854167,0.060117218068219659,0.30089975800000002,0,0,0,0,0,0,0,0,0.936798095703125,1,0.00073691275757772434,1.017642263681214e-07
353,0.12247773838080238,0.066230085783161669,0.301742175,0,0,0,0,0,0,0,0,0.936798095703125,1,0.23835386535479269,0.017767155452867944
354,0.14554600982932686,0.087722043115409376,0.29936869700000002,0,0,0,0,0,0,0,0,0.936798095703125,1,0.40418860000964196,0.068864286968090299
355,0.17465657160582418,0.15167837547501339,0.29394603800000002,0,0,0,0,0,0,0,0,0.936798095703125,1,0.62629010757810788,0.25671325675260587
356,0.2108188205295139,0.32555944100277812,0.29095808499999998,0,0,0,0,0,0,0,0,0.936798095703125,1,0.9006195068359375,1
357,0.2108188205295139,0.32555944100277812,0.29143962299999998,0,0,0,0,0,0,0,0,0.936798095703125,1,0.9006195068359375,1
358,0.10462443033854167,0.060117218068219659,0.30090476900000002,0,0,0,0,0,0,0,0,0.936798095703125,1,0,0
359,0.10462443033854167,0.060117218068219659,0.30078821100000003,0,0,0,0,0,0,0,0,0.936798095703125,1,0.00073691275757772434,1.017642263681214e-07
360,0.10462443033854167,0.060117218068219659,0.30160484500000001,0,0,0,0,0,0,0,0,0.936798095703125,1,0.066925301383199784,0.0010976716341893321
361,0.2108188205295139,0.32555944100277812,0.29070919000000001,0,0,0,0,0,0,0,0,0.936798095703125,1,0.9006195068359375,1
362,0.10462443033854167,0.060117218068219659,0.30349710499999999,0,0,0,0,0,0,0,0,0.936798095703125,1,0,0
363,0.10462443033854167,0.060117218068219659,0.30070709000000001,0,0,0,0,0,0,0,0,0.936798095703125,1,0.00073691275757772434,1.017642263681214e-07
364,0.10462443033854167,0.060117218068219659,0.35216734799999999,0,0,0,0,0,0,0,0,0.936798095703125,1,0.018436560699085457,6.6669330534709393e-05
365,0.10462443033854167,0.060117218068219659,0.33396219599999999,0,0,0,0,0,0,0,0,0.936798095703125,1,0.035299224261615122,0.00027203686528506433
366,0.10462443033854167,0.060117218068219659,0.30377869299999999,0,0,0,0,0,0,0,0,0.936798095703125,1,0.066925301383199784,0.0010976716341893321
367,0.14554600982932686,0.087722043115409376,0.369727692,0,0,0,0,0,0,0,0,0.936798095703125,1,0.40418860000964196,0.068864286968090299
368,0.2108188205295139,0.32555944100277812,0.28986536800000001,0,0,0,0,0,0,0,0,0.936798095703125,1,0.9006195068359375,1
369,0.10462443033854167,0.060117218068219659,0.30217412999999999,0,0,0,0,0,0,0,0,0.936798095703125,1,0,0
370,0.10462443033854167,0.060117218068219659,0.33070508300000001,0,0,0,0,0,0,0,0,0.936798095703125,1,0.00073691275757772434,1.017642263681214e-07
371,0.10462443033854167,0.060117218068219659,0.34461437099999997,0,0,0,0,0,0,0,0,0.936798095703125,1,0.0046713869740736399,3.5621158608966306e-06
372,0.10462443033854167,0.060117218068219659,0.30227668800000002,0,0,0,0,0,0,0,0,0.936798095703125,1,0.12482140519422169,0.0043929082768954294
373,0.12247773838080238,0.066230085783161669,0.30630584,0,0,0,0,0,0,0,0,0.936798095703125,1,0.23835386535479269,0.017767155452867944
374,0.14554600982932686,0.087722043115409376,0.32241238100000003,0,0,0,0,0,0,0,0,0.936798095703125,1,0.40418860000964196,0.068864286968090299
375,0.2108188205295139,0.32555944100277812,0.40404707899999998,0,0,0,0,0,0,0,0,0.936798095703125,1,0.9006195068359375,1
376,0.2108188205295139,0.32555944100277812,0.376834795,0,0,0,0,0,0,0,0,0.936798095703125,1,0.9006195068359375,1
377,0.2108188205295139,0.32555944100277812,0.30004137400000003,0,0,0,0,0,0,0,0,0.936798095703125,1,0.9006195068359375,1
378,0.10462443033854167,0.060117218068219659,0.325877101,0,0,0,0,0,0,0,0,0.936798095703125,1,0,0
379,0.17465657160582418,0.15167837547501339,0.50390822199999996,0,0,0,0,0,0,0,0,0.936798095703125,1,0.62629010757810788,0.25671325675260587
380,0.21066199717969869,0.32455360258688676,0.65182000399999995,0,0,0,0,0,0,0,0,0.936798095703125,1,0.87965475457439535,0.90290786557610048
381,0.2108188205295139,0.32555944100277812,0.63707691099999997,0,0,0,0,0,0,0,0,0.936798095703125,1,0.9006195068359375,1
